NaN,NaN,NaN,NaN,NaN,NaN,NaN,NaN
0,0,0,0,0,0,0,0
-0.72021,0.22756,10.609,0.092387,0.092387,12.017,-6.243,0.53733
-1.3432,-0.53455,3.4933,-0.44216,-0.44216,4.9225,-6.4198,0.86631
-1.3198,-0.56173,2.3098,-0.29582,-0.29582,2.6184,-2.6447,0.4084
-1.353,-0.68839,2.2301,-0.36895,-0.36895,2.119,2.4529,-0.83525
-1.4443,-0.63932,2.0121,-0.37831,-0.37831,1.9485,-2.8895,-0.19321
-1.5043,-0.67757,2.015,-0.30337,-0.30337,2.1082,0.51639,-0.0064353
-1.53,-0.6542,1.9249,-0.11451,-0.11451,2.0209,-0.19006,-3.6841
-1.5396,-0.57475,1.7222,-0.19649,-0.19649,1.7738,-0.72867,-0.13727
-1.5414,-0.576,1.6243,-0.16279,-0.16279,1.6344,-2.8532,-0.090236
-1.5143,-0.66171,1.531,-0.14599,-0.14599,1.6067,0.17087,-1.1108
-1.5453,-0.71405,1.6303,-0.069622,-0.069622,1.636,-3.1942,-1.5874
-1.5518,-0.6348,1.6998,0.0070661,0.0070661,1.7022,-3.3486,-1.4087
-1.5296,-0.6201,1.5476,-0.045806,-0.045806,1.5972,0.601,0.7268
-1.5154,-0.63148,1.572,-0.0035708,-0.0035708,1.6205,-3.0765,-1.8328
-1.5095,-0.59151,1.6087,-0.015597,-0.015597,1.5798,-2.711,-0.19279
-1.4514,-0.57509,1.5761,0.0048394,0.0048394,1.4744,-4.076,0.46145
-1.4345,-0.63311,1.503,0.056888,0.056888,1.5389,-3.2024,-1.6918
-1.3982,-0.65947,1.5364,0.020743,0.020743,1.5305,-2.8152,-0.55469
-1.4001,-0.60859,1.4991,0.051883,0.051883,1.5413,0.50687,-0.78352
-1.4485,-0.60943,1.4629,0.048561,0.048561,1.5422,-3.1201,-1.7888
-1.4463,-0.64158,1.5081,0.095563,0.095563,1.5291,-3.1964,-1.7161
-1.45,-0.66755,1.5741,0.04207,0.04207,1.5802,-2.6509,0.083416
-1.4497,-0.65002,1.499,0.038368,0.038368,1.5366,-3.1216,-1.8378
-1.458,-0.65429,1.4888,0.0045443,0.0045443,1.6301,-3.0059,-1.8997
-1.4567,-0.58843,1.5499,-0.02445,-0.02445,1.5893,-2.6333,0.3133
-1.4469,-0.58533,1.5719,-0.012793,-0.012793,1.5089,-3.1924,-1.6734
-1.4327,-0.62146,1.6074,0.046033,0.046033,1.5395,0.40671,-0.25223
-1.4778,-0.67903,1.6728,0.078403,0.078403,1.5449,-3.4339,-1.122
-1.5037,-0.68673,1.583,0.020356,0.020356,1.6385,-3.1226,-1.7613
-1.5085,-0.7232,1.5627,-0.013583,-0.013583,1.6523,-3.0392,-1.9328
-1.4972,-0.6851,1.5531,-0.055196,-0.055196,1.6366,-2.5856,-1.1054
-1.4666,-0.71238,1.551,-0.055977,-0.055977,1.6232,-3.2586,-1.6346
-1.4724,-0.68477,1.5337,0.048085,0.048085,1.6167,-3.0784,-1.8039
-1.451,-0.75073,1.4974,0.057613,0.057613,1.606,-3.2286,-2.8927
-1.4594,-0.71607,1.5171,0.07537,0.07537,1.5755,-3.1335,-1.7837
-1.4826,-0.69238,1.5223,0.00085049,0.00085049,1.6425,-2.8669,-0.38098
-1.4928,-0.69227,1.5515,0.10811,0.10811,1.5933,-3.7203,-0.20506
-1.4654,-0.70029,1.5974,0.06089,0.06089,1.6379,-2.9952,-1.9525
-1.3951,-0.69862,1.6116,0.098715,0.098715,1.6276,-2.7374,-0.46892
-1.3107,-0.63769,1.5401,0.095412,0.095412,1.5757,-0.73812,0.21225
-1.3437,-0.55652,1.686,0.1085,0.1085,1.5939,-2.7825,-0.066448
-1.3446,-0.49828,1.7111,0.1094,0.1094,1.5755,0.40302,-0.092533
-1.3415,-0.46374,1.6455,0.084582,0.084582,1.5647,0.15335,2.0345
-1.3032,-0.46074,1.6942,0.091581,0.091581,1.5448,-2.753,-0.059462
-1.3134,-0.45668,1.7117,0.037628,0.037628,1.5044,-2.6446,0.037784
-1.3282,-0.42032,1.7128,0.015171,0.015171,1.4904,0.17297,1.962
-1.3414,-0.35029,1.6368,0.052362,0.052362,1.5025,-2.7514,-0.083635
-1.3309,-0.29634,1.8475,0.087946,0.087946,1.5837,-2.8318,0.27213
-1.2832,-0.28818,1.911,0.098261,0.098261,1.5441,0.082483,0.43171
-1.2763,-0.31501,1.7601,0.099511,0.099511,1.4519,0.34798,-0.048356
-1.3329,-0.36439,1.759,0.053869,0.053869,1.5015,-2.5438,-0.053097
-1.3522,-0.37913,1.6629,0.047595,0.047595,1.5105,-1.9714,-1.2006
-1.4135,-0.38989,1.7146,0.068801,0.068801,1.5515,-3.341,-1.4228
-1.4399,-0.41695,1.8075,0.017419,0.017419,1.6439,-3.57,-1.0326
-1.3785,-0.40476,1.7134,0.084324,0.084324,1.6287,-0.47083,0.043189
-1.3496,-0.4093,1.6675,0.10856,0.10856,1.5972,0.3469,-0.048625
-1.3464,-0.40954,1.6738,0.10972,0.10972,1.5519,-2.4787,0.33651
-1.3429,-0.40704,1.7203,0.11029,0.11029,1.5262,-0.7783,-0.086929
-1.3573,-0.40307,1.7026,0.031711,0.031711,1.5065,-3.4814,-1.2377
-1.3737,-0.41912,1.7278,0.039035,0.039035,1.5485,-3.3538,-1.4394
-1.3044,-0.34564,1.6486,0.070497,0.070497,1.5337,-0.60111,-0.17384
-1.2818,-0.33915,1.7242,0.050551,0.050551,1.641,0.49367,-0.27313
-1.2859,-0.35439,2.0719,0.021136,0.021136,1.7734,-3.0092,0.01417
-1.3569,-0.36899,2.0287,-0.025202,-0.025202,1.8012,0.49125,-0.43614
-1.3669,-0.36502,1.7746,-0.012411,-0.012411,1.6139,0.31613,-0.02563
-1.3583,-0.37875,1.8938,-0.0097274,-0.0097274,1.6112,0.54318,-0.37908
-1.3479,-0.42881,1.777,0.078718,0.078718,1.5587,0.52147,0.35374
-1.3264,-0.43885,1.7302,0.084318,0.084318,1.6084,-2.7589,-0.091482
-1.2855,-0.41069,1.7143,0.10131,0.10131,1.6899,0.49146,-0.31515
-1.2838,-0.42716,1.7685,0.064879,0.064879,1.7227,-0.26695,-2.4894
-1.309,-0.40438,1.7246,0.037324,0.037324,1.6314,-2.7807,-0.042938
-1.3061,-0.3575,1.6246,0.073941,0.073941,1.5241,-2.9105,-0.1381
-1.3248,-0.3514,1.6414,0.073303,0.073303,1.5085,-2.1571,-1.2769
-1.3152,-0.40143,1.742,0.024888,0.024888,1.5642,-2.791,-0.13648
-1.3058,-0.29731,1.8134,0.05685,0.05685,1.6576,0.47166,-0.017503
-1.3505,-0.20821,1.857,0.11896,0.11896,1.7034,-3.4724,-1.3837
-1.3208,-0.16673,1.8531,0.054542,0.054542,1.7176,-2.7176,0.30633
-1.322,-0.18437,2.046,0.045094,0.045094,1.7459,-1.684,-2.9711
-1.355,-0.17534,2.0689,0.09757,0.09757,1.7329,-3.4818,-2.3389
-1.3378,-0.17391,1.996,0.20935,0.20935,1.6919,-2.3761,-3.6156
-1.3022,-0.20459,2.0151,0.16306,0.16306,1.7611,-2.1111,-4.3607
-1.3097,-0.18371,1.9388,0.1475,0.1475,1.6491,-0.40372,-3.7457
-1.2876,-0.2048,1.9083,0.10568,0.10568,1.6247,-1.5307,-4.5889
-1.3248,-0.23023,1.9234,0.026436,0.026436,1.6572,0.052269,1.7269
-1.3132,-0.22907,1.8832,0.033703,0.033703,1.6551,0.2609,0.35443
-1.3158,-0.19183,1.8427,0.044584,0.044584,1.6074,1.0318,1.0543
-1.2967,-0.2321,1.8079,0.0747,0.0747,1.5765,-2.9065,-0.24078
-1.3061,-0.20274,1.8468,0.042517,0.042517,1.5302,0.31104,0.030409
-1.2713,-0.18789,1.8948,0.069727,0.069727,1.5688,0.3671,2.0292
-1.2608,-0.13815,1.8424,0.061876,0.061876,1.5438,-2.757,0.26673
-1.3239,-0.12136,1.8485,0.078677,0.078677,1.4987,-0.43718,2.1312
-1.3505,-0.11185,1.8464,0.097574,0.097574,1.476,0.26469,0.29309
-1.3917,-0.1379,1.93,0.071315,0.071315,1.5638,-1.4024,0.41607
-1.3839,-0.13068,1.9732,0.092954,0.092954,1.5661,0.54147,0.084082
-1.3736,-0.13286,1.93,0.10984,0.10984,1.4959,-1.3514,0.40577
-1.3648,-0.19684,2.0138,0.14017,0.14017,1.6606,-2.7675,0.24111
-1.3083,-0.17581,1.8758,0.19493,0.19493,1.7101,-0.61288,0.84511
-1.3104,-0.15837,1.829,0.22274,0.22274,1.6212,-2.7482,0.27361
-1.349,-0.18083,1.8777,0.19624,0.19624,1.6604,-1.6654,0.16988
-1.3095,-0.15823,1.8512,0.13488,0.13488,1.6245,-2.7547,0.27076
-1.3782,-0.15622,1.816,0.13798,0.13798,1.5033,-1.8829,0.9376
-1.3996,-0.17564,1.9118,0.18012,0.18012,1.7064,-2.9737,0.060948
-1.3667,-0.17641,1.9262,0.14823,0.14823,1.7055,-3.1031,-1.4688
-1.3292,-0.19563,1.893,0.19249,0.19249,1.6302,-1.9299,-4.4521
-1.3039,-0.16573,1.8421,0.13776,0.13776,1.6053,-2.1931,-1.2846
-1.2666,-0.17256,1.8577,0.06568,0.06568,1.5544,0.25723,0.32645
-1.2684,-0.1558,1.8151,0.027392,0.027392,1.4931,0.66082,0.30949
-1.2454,-0.052317,1.9381,0.024841,0.024841,1.5833,-2.5582,0.74401
-1.2511,-0.060199,1.754,0.085073,0.085073,1.4705,0.92844,-0.14955
-1.2892,-0.12544,1.8003,0.10843,0.10843,1.592,-3.2343,-3.4841
-1.2907,-0.23464,1.6549,0.11023,0.11023,1.4975,0.76184,0.76242
-1.2517,-0.14375,2.2865,0.066747,0.066747,1.8614,0.63678,0.33098
-1.3069,-0.27823,2.0763,0.049409,0.049409,1.8722,0.58955,-0.41708
-1.372,-0.23984,1.9787,0.13288,0.13288,1.6339,-1.978,0.38643
-1.4295,-0.49649,3.2519,0.12748,0.12748,2.4427,-3.4486,-2.3604
-1.3503,-0.5116,3.3687,0.17396,0.17396,2.5088,-2.6878,0.693
-1.3419,-0.96795,4.5004,0.18749,0.18749,2.8669,-2.733,-3.1143
-1.3468,-1.309,5.4996,0.030939,0.030939,3.5207,-2.049,1.116
-1.3868,-1.9087,5.5783,0.19869,0.19869,3.4493,-1.278,-3.9539
-1.332,-2.4768,5.4289,0.19433,0.19433,3.6399,-2.7165,-4.231
-1.355,-2.1165,4.644,0.26651,0.26651,4.336,-3.5115,0.33847
-1.4025,-1.7419,4.6948,0.28017,0.28017,4.4177,-1.7806,-2.6882
-1.4248,-1.4547,5.1395,0.23691,0.23691,5.1147,-4.172,-0.12189
-1.2325,-1.5012,5.9709,-0.13241,-0.13241,3.9467,0.4271,-2.9934
-1.1656,-1.6958,7.9292,-0.34186,-0.34186,4.2486,0.8876,-3.5532
-1.2964,-1.5629,7.1526,0.013645,0.013645,3.4465,1.8435,-1.672
-1.4298,-1.4343,6.2985,-0.27993,-0.27993,3.1726,-4.1381,-0.65893
-1.4596,-1.3516,5.5316,-0.0072183,-0.0072183,2.5746,0.3476,-2.7735
-1.4617,-1.4339,5.376,-0.052056,-0.052056,2.1845,1.3251,-1.5116
-1.4443,-1.5036,5.4871,-0.003456,-0.003456,2.1622,-1.9536,-3.1288
-1.4492,-1.4343,5.435,-0.042397,-0.042397,2.3661,-4.0511,-0.70781
-1.4298,-1.3471,5.031,0.070405,0.070405,2.1326,-0.23271,-2.8118
-1.5559,-1.3187,5.7702,0.048976,0.048976,2.4331,1.7328,-0.76805
-1.6561,-1.3438,5.3607,-0.0083156,-0.0083156,2.3882,0.20808,-1.3312
-1.7495,-1.4144,5.2663,-0.091091,-0.091091,2.4357,1.4488,-1.009
-1.8618,-1.4413,5.2703,-0.0095891,-0.0095891,2.5669,1.5515,1.721
-1.8937,-1.4182,5.3235,-0.1449,-0.1449,2.4507,-3.9029,-0.95659
-1.8514,-1.4155,5.1792,-0.15999,-0.15999,2.4574,2.6363,1.8081
-1.9075,-1.4267,4.8951,-0.32099,-0.32099,2.2418,1.2303,-1.1993
-1.8882,-1.4069,5.1316,-0.19838,-0.19838,2.3258,1.969,1.9492
-1.9491,-1.4106,5.4434,-0.079624,-0.079624,2.4433,-4.1351,-0.73222
-1.9357,-1.374,5.2468,-0.036855,-0.036855,2.4557,-2.347,1.457
-1.9597,-1.3757,5.2412,-0.023535,-0.023535,2.4649,-3.9175,-1.007
-1.9628,-1.3653,5.2007,-0.060979,-0.060979,2.439,0.97427,3.797
-1.9545,-1.4018,5.6044,-0.14819,-0.14819,2.6209,-3.7977,-0.99378
-1.9856,-1.4487,5.4526,-0.14579,-0.14579,2.6547,-4.9862,2.7879
-2.0115,-1.4276,5.1639,-0.13694,-0.13694,2.5592,1.4888,-0.99393
-2.0051,-1.3329,5.2873,-0.096693,-0.096693,2.4764,-2.6422,4.3846
-1.9807,-1.2511,5.0693,-0.14681,-0.14681,2.5179,-3.7524,-0.5629
-1.9958,-1.199,5.3954,-0.22539,-0.22539,2.6745,1.7703,-0.69797
-2.0138,-1.122,5.5806,-0.28162,-0.28162,2.7971,1.5732,-0.29077
-2.1042,-1.1042,5.7813,-0.33724,-0.33724,2.847,0.79326,-0.97737
-2.176,-1.2036,5.3622,-0.52933,-0.52933,2.7092,1.4676,-1.009
-2.1573,-1.1535,4.9262,-0.24157,-0.24157,2.7562,-4.2413,-1.1115
-2.126,-1.0849,4.9704,-0.28026,-0.28026,2.764,-3.7579,-0.58243
-2.215,-1.1114,5.1036,-0.37879,-0.37879,2.7725,-3.2434,-3.99
-2.2875,-1.1933,4.9655,-0.33057,-0.33057,2.7622,-3.9237,-0.99437
-2.3553,-1.2644,4.8668,-0.33524,-0.33524,2.5068,1.0426,0.45311
-2.3389,-1.2778,4.7861,-0.27923,-0.27923,2.5657,-3.9204,-0.9896
-2.3079,-1.3725,4.4252,-0.40193,-0.40193,2.4371,1.8342,1.6954
-2.3355,-1.4062,4.444,-0.41625,-0.41625,2.4536,-3.8848,-0.99469
-2.2903,-1.351,4.5938,-0.31586,-0.31586,2.3164,2.2198,1.5522
-2.3552,-1.42,4.9311,-0.39634,-0.39634,2.4333,-3.8112,-0.97881
-2.257,-1.401,5.0821,-0.4341,-0.4341,2.4408,2.6805,0.80553
-2.1898,-1.3431,4.4546,-0.42369,-0.42369,2.241,-3.6707,-1.2023
-2.2131,-1.4334,4.7987,-0.52208,-0.52208,2.5697,1.3359,2.4837
-2.1454,-1.4045,4.6482,-0.5145,-0.5145,2.432,-3.8787,-1.0281
-2.109,-1.3599,4.9924,-0.46872,-0.46872,2.313,2.0831,0.53543
-2.0305,-1.3748,4.9076,-0.43943,-0.43943,2.2456,1.4487,-1.0387
-2.007,-1.3835,5.0455,-0.38789,-0.38789,2.3403,1.6096,0.52122
-2.0088,-1.4145,5.0605,-0.42031,-0.42031,2.415,1.4516,-1.0249
-2.0036,-1.3936,5.215,-0.32476,-0.32476,2.4268,2.3285,1.3642
-2.0044,-1.3702,5.1598,-0.24454,-0.24454,2.3947,-3.896,-0.99145
-1.9039,-1.4002,5.6131,-0.38574,-0.38574,2.3958,0.55271,3.3759
-1.9159,-1.5137,5.8301,-0.4232,-0.4232,2.4883,1.4989,-1.4042
-1.8946,-1.4981,5.4114,-0.38449,-0.38449,2.6762,2.7611,-1.0885
-1.9305,-1.4656,5.1597,-0.27012,-0.27012,2.6299,-3.9049,-1.0579
-1.8047,-1.3993,5.3705,-0.16983,-0.16983,2.5159,-3.7986,-1.3166
-1.8485,-1.4292,5.2528,-0.22566,-0.22566,2.4141,1.4829,-1.0209
-1.947,-1.3944,5.2689,-0.50971,-0.50971,2.3706,-4.2007,-1.3032
-2.0412,-1.3532,4.8204,-0.45198,-0.45198,2.3275,-4.1624,-1.2161
-2.0652,-1.3912,4.5281,-0.2555,-0.2555,2.2749,-3.8883,-3.1603
-2.0881,-1.4264,4.9167,-0.23047,-0.23047,2.4031,1.6034,-1.1902
-2.109,-1.3352,4.9164,-0.25615,-0.25615,2.4229,1.7562,-1.5983
-2.0435,-1.2732,4.685,-0.13431,-0.13431,2.3386,-3.8363,-1.0324
-2.0987,-1.2583,5.0746,-0.23354,-0.23354,2.4182,0.94751,-2.4484
-2.1246,-1.2919,5.0407,-0.33919,-0.33919,2.4075,1.4131,-1.0191
-2.112,-1.3922,5.6726,-0.21207,-0.21207,2.666,0.14798,-3.9196
-2.1616,-1.316,5.978,-0.2145,-0.2145,2.8595,1.6425,-0.74497
-2.1487,-1.3332,5.449,-0.21685,-0.21685,2.7175,-1.3257,-3.62
-2.1819,-1.3569,5.7568,-0.29286,-0.29286,2.9703,-4.1042,-0.70336
-2.0632,-1.3395,5.9241,-0.19593,-0.19593,2.8912,-2.6925,-3.3716
-2.0013,-1.3229,5.6557,-0.24003,-0.24003,2.6411,1.3339,-1.0241
-1.9218,-1.3044,6.1935,-0.33177,-0.33177,2.7771,-2.7896,-1.9845
-1.924,-1.2579,5.9566,-0.43332,-0.43332,2.5953,-3.7893,-0.9551
-1.9017,-1.3246,6.0059,-0.41265,-0.41265,2.5913,-3.6013,0.48859
-1.9032,-1.381,6.1287,-0.4586,-0.4586,2.8633,-4.0469,-0.69856
-1.9861,-1.4002,6.4693,-0.362,-0.362,2.794,1.1322,0.56046
-1.9028,-1.3399,6.5398,-0.14062,-0.14062,2.8923,1.5922,-0.75618
-1.8736,-1.3715,6.4121,-0.073592,-0.073592,2.8267,2.4231,-0.96761
-1.8476,-1.3429,6.0114,-0.10477,-0.10477,2.7692,-3.8418,-0.99543
-1.907,-1.371,5.8472,-0.30236,-0.30236,3.0383,1.6452,-3.3902
-1.8359,-1.3101,5.4958,-0.36976,-0.36976,3.0977,-3.6743,-0.59101
-1.833,-1.302,6.1101,-0.46106,-0.46106,3.0137,1.5027,0.26335
-1.8159,-1.4174,6.3007,-0.4393,-0.4393,2.8926,-2.6335,-3.7356
-1.7614,-1.347,5.9763,-0.26868,-0.26868,2.7804,2.66,0.090507
-1.8792,-1.4087,6.3195,-0.25443,-0.25443,2.9395,-4.0654,-0.78233
-1.7903,-1.2646,6.0749,-0.23889,-0.23889,2.689,2.0489,2.4196
-1.7814,-1.3595,5.8685,-0.2584,-0.2584,2.7918,-3.8122,-0.92477
-1.926,-1.4589,6.3699,-0.35999,-0.35999,3.1136,1.6406,3.7935
-2.0014,-1.4546,6.0457,-0.23212,-0.23212,3.0366,0.12982,-3.7434
-2.104,-1.4135,5.9447,-0.24612,-0.24612,3.0694,2.4956,2.4153
-2.0287,-1.2675,5.6864,-0.14133,-0.14133,2.8752,-4.1347,-0.74816
-2.0088,-1.1653,5.7399,-0.16008,-0.16008,2.7155,1.73,1.4114
-2.1436,-1.1462,5.9427,-0.23272,-0.23272,2.9213,1.429,-0.32596
-2.0941,-1.0964,6.126,-0.25352,-0.25352,3.0584,0.60505,0.59761
-2.1345,-1.2422,6.3846,-0.3724,-0.3724,3.0417,-2.617,-3.7451
-2.0546,-1.3051,5.5477,-0.47021,-0.47021,2.6324,0.65178,-2.1763
-2.1506,-1.3792,5.3262,-0.46824,-0.46824,2.7338,-3.8163,-0.94573
-2.0881,-1.4671,5.7513,-0.40065,-0.40065,2.8898,0.9004,-3.1475
-2.1033,-1.3698,5.6141,-0.40557,-0.40557,3.0288,-3.8693,-0.32625
-2.1249,-1.3349,5.4809,-0.38146,-0.38146,3.0003,0.99891,-2.6045
-2.1167,-1.2693,5.8614,-0.25471,-0.25471,3.5877,-4.2689,2.5747
-2.0767,-1.1256,6.0473,-0.39507,-0.39507,3.3075,-0.83253,-1.5459
-2.0863,-1.022,5.9463,-0.35823,-0.35823,3.288,1.4621,-0.32276
-2.0696,-1.106,6.0126,-0.33998,-0.33998,3.1431,1.1733,-0.46398
-2.0065,-1.143,5.9352,-0.24545,-0.24545,2.8513,1.3387,-0.99192
-2.0616,-1.1967,6.1402,-0.26602,-0.26602,2.8988,-1.1743,1.3724
-2.0958,-1.197,6.2341,-0.31598,-0.31598,2.9112,-4.0285,-0.76213
-2.2108,-1.2721,6.4665,-0.38136,-0.38136,3.1561,1.5332,0.42785
-2.3653,-1.7407,7.9894,-0.52393,-0.52393,3.6587,0.77936,-0.063117
-2.4599,-2.0988,6.9691,-0.92519,-0.92519,3.5886,0.224,0.54513
-2.4646,-2.1078,5.3289,-0.80315,-0.80315,3.1214,1.2915,1.6219
-2.4043,-1.9743,4.9563,-0.33731,-0.33731,2.6196,-3.9706,-2.541
-2.2717,-2.0832,4.8888,-0.49474,-0.49474,2.1348,2.8098,-1.1599
-2.1743,-2.4896,5.1726,-0.61411,-0.61411,2.0442,-1.3373,-3.9687
-2.1794,-3.0353,6.3093,-0.71628,-0.71628,2.3694,1.931,-0.83889
-2.1131,-2.4582,6.1733,-0.57002,-0.57002,3.1643,1.5406,-0.97234
-2.2901,-2.1253,6.5045,-0.56077,-0.56077,3.3825,-5.2082,-1.3456
-2.2266,-1.7061,5.8721,-0.3511,-0.3511,3.1427,2.9575,-1.2388
-2.4301,-1.6974,7.833,-0.57055,-0.57055,3.3375,1.0495,-1.6733
-2.4597,-1.4003,9.0395,-0.55499,-0.55499,3.3125,1.5767,-1.0915
-2.3863,-1.0762,8.4234,-0.55395,-0.55395,3.1454,0.46092,-2.4759
-2.4309,-1.1291,8.4525,-0.36353,-0.36353,3.1607,-1.4191,-2.1289
-2.2632,-1.1144,6.7008,-0.29361,-0.29361,3.1209,-2.3268,-2.1634
-2.1211,-1.0649,6.053,-0.33659,-0.33659,2.8224,-1.2674,-6.4288
-2.0425,-1.0922,5.9375,-0.57837,-0.57837,3.0996,-3.6824,-1.5735
-1.915,-0.96698,5.17,-0.45937,-0.45937,2.8394,-3.7111,-1.3492
-1.7075,-0.95588,4.2202,-0.36953,-0.36953,2.7235,-5.1694,1.416
-1.5769,-0.955,4.7762,-0.50478,-0.50478,2.9059,-3.4843,-1.9115
-1.4932,-0.94423,4.5092,-0.39222,-0.39222,2.7826,2.6462,2.3878
-1.5189,-0.98249,4.2218,-0.35347,-0.35347,2.5189,-3.0687,-0.45611
-1.4872,-1.0928,4.6247,-0.21909,-0.21909,2.5939,-2.7004,-1.2091
-1.4168,-1.1619,4.7083,-0.24551,-0.24551,2.5634,-1.9264,-2.2981
-1.3829,-1.0768,4.557,-0.27487,-0.27487,2.4123,-1.0826,-2.4355
-1.4188,-1.1272,4.732,-0.25472,-0.25472,2.5837,-0.96063,-2.699
-1.3793,-1.0018,4.5586,-0.29693,-0.29693,2.4906,-1.4399,-2.4307
-1.3081,-1.0804,4.7983,-0.39179,-0.39179,2.6288,0.77742,-1.6912
-1.2421,-1.0699,4.995,-0.18651,-0.18651,2.7195,-3.1916,-1.6534
-1.2903,-1.053,5.0549,-0.12846,-0.12846,2.6302,-2.0325,-2.6823
-1.2472,-1.0488,4.995,-0.12393,-0.12393,2.7349,-1.7782,-3.0392
-1.3125,-1.0447,5.0852,-0.18962,-0.18962,2.7095,-0.24739,-2.3362
-1.3256,-0.99791,5.31,-0.17114,-0.17114,2.7982,-0.77166,-1.9254
-1.3552,-1.1237,5.6581,-0.059623,-0.059623,2.9514,3.1611,0.70689
-1.3114,-1.0462,5.3074,-0.031426,-0.031426,2.8708,-2.8489,2.4724
-1.2484,-1.0405,4.8036,0.029436,0.029436,2.6062,-1.3624,-2.4456
-1.2107,-1.1375,4.9897,0.03988,0.03988,2.6403,-1.3797,2.3573
-1.2367,-1.1321,4.8184,0.12873,0.12873,2.6961,0.90184,1.2114
-1.2815,-1.1275,4.7313,-0.02749,-0.02749,2.5872,2.1869,0.10765
-1.2601,-1.0327,4.6112,0.043447,0.043447,2.3996,-1.0676,-2.4324
-1.2415,-1.1354,4.5045,0.12156,0.12156,2.569,0.61764,-1.3558
-1.2567,-1.2366,4.451,-0.021001,-0.021001,2.3718,-0.49353,-2.176
-1.2279,-1.2702,4.364,-0.059291,-0.059291,2.3764,-0.16924,-2.4894
-1.263,-1.2868,4.276,-0.0068536,-0.0068536,2.2767,-1.1347,-3.2539
-1.2865,-1.2907,4.3628,-0.017967,-0.017967,2.2126,-0.84146,-2.6008
-1.2824,-1.3309,4.3595,-0.074707,-0.074707,2.1044,-1.2662,-2.3562
-1.2936,-1.2944,4.4483,-0.17535,-0.17535,2.2388,-1.6732,-2.4498
-1.2614,-1.2019,4.2975,-0.13521,-0.13521,2.0251,-5.229,1.3382
-1.3239,-1.3207,4.9562,-0.17635,-0.17635,2.4212,1.6432,-1.0299
-1.2905,-1.2699,4.4017,-0.16018,-0.16018,2.2189,1.6511,-2.1337
-1.2353,-1.3204,5.0718,-0.151,-0.151,2.4057,1.2065,0.77121
-1.1845,-1.0893,4.5766,-0.062303,-0.062303,2.2188,0.63372,-1.4085
-1.2106,-1.083,4.226,0.030738,0.030738,2.1272,2.0056,-0.44903
-1.2285,-1.1603,4.6245,0.036115,0.036115,2.1766,1.5045,-2.136
-1.2922,-1.3118,4.8579,0.050378,0.050378,2.2757,1.7849,-0.97068
-1.2916,-1.2964,5.3301,0.13414,0.13414,2.4385,0.74458,-1.7148
-1.3125,-1.0465,4.9471,0.13226,0.13226,2.4056,1.5435,-1.0211
-1.3032,-1.1755,5.4956,-0.058497,-0.058497,2.6899,1.4012,-1.7324
-1.3119,-0.98302,5.3796,0.026363,0.026363,2.6891,-4.1456,-0.51732
-1.3436,-1.1259,6.6004,0.035065,0.035065,2.881,0.33406,-1.4456
-1.3812,-1.2781,8.4973,-0.16907,-0.16907,3.5574,1.9405,-2.711
-1.2501,-1.1419,9.5529,0.025844,0.025844,3.8317,2.3726,-2.6788
-1.3292,-0.8333,8.396,0.26122,0.26122,3.5168,3.587,-0.020117
-1.2764,-0.63462,6.4414,-0.013466,-0.013466,3.2038,2.6071,-2.0605
-1.2965,-0.69046,7.5245,-0.12929,-0.12929,3.6455,0.88746,-1.4265
-1.34,-0.52756,7.255,-0.14167,-0.14167,3.1704,0.1403,-2.2314
-1.2508,-0.23263,7.1354,-0.036746,-0.036746,3.5996,0.65272,-1.1519
-1.2344,-0.080522,8.4306,0.037633,0.037633,4.0088,-5.2006,1.3452
-1.2523,-0.23295,8.4133,0.036747,0.036747,3.7224,2.4819,0.69529
-1.3412,-0.17906,9.6999,-0.034791,-0.034791,4.0434,2.446,0.54356
-1.3779,-0.15335,9.6389,0.044714,0.044714,3.9181,-0.79647,-2.9058
-1.3524,-0.047817,9.7368,-0.24946,-0.24946,4.3465,2.5864,2.9569
-1.4622,-0.0067156,10.184,-0.15779,-0.15779,4.398,2.2807,2.8038
-1.4652,0.075817,9.8307,0.004123,0.004123,3.8435,2.4078,3.9512
-1.5237,0.0049502,9.2312,0.04226,0.04226,3.3872,1.8272,3.597
-1.5862,-0.050497,9.0925,0.013221,0.013221,3.1152,1.8648,0.1004
-1.4977,-0.090936,10.875,0.047593,0.047593,3.5733,3.2072,1.2671
-1.5182,-0.0018788,9.7809,0.016639,0.016639,3.1015,2.6711,0.67219
-1.5679,0.13837,11.452,-0.088533,-0.088533,3.3656,3.3353,0.16601
-1.5736,0.18971,10.077,0.080538,0.080538,2.982,2.6782,0.603
-1.5664,0.15385,9.5425,0.1343,0.1343,2.9382,2.4865,-2.4275
-1.6696,0.33109,9.8544,0.18947,0.18947,3.3289,-4.2872,-1.0374
-1.615,0.42881,9.2712,0.062781,0.062781,3.2859,1.8461,2.0567
-1.5699,0.46664,8.5895,0.15456,0.15456,3.1645,2.9554,-1.9249
-1.7101,0.32005,10.112,0.25461,0.25461,3.5145,2.7048,-3.4204
-1.8211,-0.28379,10.721,0.24186,0.24186,4.0444,0.38903,-4.6109
-2.0167,-0.82942,10.999,0.0094331,0.0094331,4.508,0.44568,-4.6801
-1.9258,-0.49907,10.584,0.2923,0.2923,3.8142,3.3168,-1.6732
-1.7169,-0.22052,9.4672,0.020199,0.020199,3.2559,3.3629,-1.2443
-1.9416,-0.22828,11.308,-0.084902,-0.084902,3.7347,3.1305,0.59676
-1.9923,0.058765,10.911,0.19863,0.19863,3.3764,-3.6857,-1.6232
-1.979,0.13438,9.4405,0.21911,0.21911,3.1292,0.16313,3.0504
-1.9309,0.23747,8.883,0.14931,0.14931,3.3152,1.206,-1.6586
-1.7657,0.20492,8.8052,-0.034891,-0.034891,3.4979,0.0015767,-2.0284
-1.7878,0.0010977,8.0893,-0.33787,-0.33787,3.3184,-5.3888,0.061414
-1.7745,-0.043107,8.2642,-0.15206,-0.15206,3.5735,0.25485,-3.086
-1.7939,0.14228,7.163,-0.13397,-0.13397,3.1259,-4.7931,1.1256
-2.0132,0.16448,7.2094,0.066155,0.066155,3.6585,-2.8233,-1.7864
-2.0277,0.2877,7.2741,0.087413,0.087413,3.8901,1.0656,-1.7749
-1.9641,0.55668,6.4762,-0.12884,-0.12884,3.7013,-3.5037,-1.8242
-1.7945,0.73664,5.407,-0.013488,-0.013488,3.205,-4.0798,1.8814
-1.8398,0.83169,6.0134,-0.01192,-0.01192,3.088,-3.9624,-1.9502
-1.8609,0.74112,5.9928,0.034432,0.034432,2.9983,1.8323,0.91456
-1.8536,0.85841,6.4392,0.0099918,0.0099918,3.0104,-3.6321,-5.4674
-1.8458,0.83075,6.7554,0.03175,0.03175,3.1412,2.3549,1.0339
-1.8433,0.65462,6.6001,-0.012277,-0.012277,2.9719,0.98457,-0.89133
-1.8597,0.82879,6.6784,-0.016162,-0.016162,3.0587,1.676,0.037272
-1.7764,1.0347,6.2116,0.11989,0.11989,3.0078,1.0876,1.3156
-1.7584,1.1527,6.37,0.168,0.168,3.1265,1.6861,0.072322
-1.6999,1.2974,6.4283,0.19118,0.19118,3.0572,1.4543,0.34626
-1.684,1.3181,7.0161,0.18052,0.18052,3.4867,1.5974,-0.71573
-1.6599,1.2547,7.6676,-0.13175,-0.13175,4.0973,0.5798,-1.8337
-1.6377,1.1537,7.0235,-0.05628,-0.05628,3.8218,1.5482,-0.81525
-1.7483,0.58207,8.8224,-0.25995,-0.25995,4.7359,0.77365,-1.9245
-1.9017,0.19167,11.303,0.1777,0.1777,6.0191,0.33246,4.4493
-1.924,-1.0725,7.2491,0.24905,0.24905,4.467,-1.0778,1.5547
-4.052,-3.0099,6.6131,-0.96189,-0.96189,5.6853,-3.9452,-3.8545
-4.2312,-3.3473,3.7151,-2.2727,-2.2727,4.1603,-1.6869,-6.4184
-3.9817,-2.9087,3.1675,-1.7219,-1.7219,3.7052,-3.7436,-5.0963
-3.4078,-2.2163,1.6882,-0.91649,-0.91649,1.8309,-3.6971,-3.9553
-3.4579,-2.465,2.2325,-1.1049,-1.1049,1.9817,-3.9903,-2.5924
-3.4381,-2.7468,2.5152,-1.2205,-1.2205,2.1352,-4.3891,-1.3999
-3.2623,-2.6797,2.8058,-1.2495,-1.2495,2.6003,-4.087,-1.2531
-3.0175,-2.3159,2.5854,-1.0536,-1.0536,1.9688,-3.6032,-0.99644
-3.0158,-2.2096,2.9908,-1.1497,-1.1497,2.2641,-3.6402,-3.1832
-3.0072,-2.274,3.3153,-1.0779,-1.0779,2.4515,-4.2459,-0.40002
-2.9577,-2.1182,3.4112,-1.0778,-1.0778,2.2434,-4.1355,-1.2336
-2.8994,-2.1179,3.4766,-1.1335,-1.1335,2.2895,-3.5171,-1.2367
-2.9133,-2.0483,4.1526,-1.2442,-1.2442,3.0937,-3.3679,-3.8926
-2.9823,-1.9026,4.4144,-1.2664,-1.2664,3.1934,-4.5465,-2.1162
-2.9755,-1.9444,4.7789,-1.1942,-1.1942,2.9951,-4.5617,-1.5507
-2.9692,-1.8535,4.2122,-1.1368,-1.1368,2.6898,-3.0665,-3.2709
-2.7328,-1.7988,4.1989,-0.97979,-0.97979,2.3096,-3.55,-1.7109
-2.867,-1.8745,4.6785,-1.0586,-1.0586,2.8535,-1.5906,-4.9795
-3.1189,-1.6712,5.7427,-1.0674,-1.0674,3.1729,-4.9851,0.0091114
-3.3985,-1.316,5.6849,-0.98531,-0.98531,3.4135,-3.9553,-3.1989
-3.2822,-1.1589,5.0039,-0.93943,-0.93943,2.9909,-4.3966,-1.805
-3.168,-1.2572,4.7131,-0.92879,-0.92879,3.0835,-4.1391,-1.2199
-3.1216,-1.3059,4.3512,-0.85262,-0.85262,3.1216,-4.2437,-1.1668
-3.0625,-1.4316,4.5266,-0.85131,-0.85131,3.0942,1.7044,-1.2203
-2.8978,-1.4684,4.9871,-0.92991,-0.92991,2.9501,-5.0278,-1.8086
-2.7844,-1.4979,5.2258,-0.82069,-0.82069,2.9258,-4.1727,-1.1964
-2.7705,-1.5109,5.2348,-0.92148,-0.92148,2.8751,-3.5257,0.5048
-2.7522,-1.6458,5.636,-1.1209,-1.1209,2.9781,-1.5827,-4.4145
-2.7301,-1.6842,5.7761,-1.2319,-1.2319,3.2301,-2.0245,2.3079
-2.7033,-1.7845,6.0433,-1.3243,-1.3243,3.6008,-4.3959,-0.90052
-2.6564,-1.5614,5.8155,-1.2217,-1.2217,3.5812,-4.1028,-0.72157
-2.8272,-1.3557,7.816,-1.3477,-1.3477,4.6863,-4.6534,0.63773
-2.9493,-1.1108,7.929,-1.2835,-1.2835,4.6147,-4.8265,-0.59195
-3.0255,-0.79191,7.8409,-0.72842,-0.72842,3.8216,-5.5748,-1.6205
-3.1838,-0.35621,8.8057,-0.22145,-0.22145,3.5928,-5.9552,-1.9055
-3.4236,0.080787,7.6663,0.18304,0.18304,3.5412,-3.475,2.8394
-3.6912,0.53181,7.4814,0.56452,0.56452,3.7104,-5.1855,-1.2153
-3.3046,0.52272,7.2467,0.34688,0.34688,4.1741,-5.2123,-1.0341
-3.0135,0.41167,5.897,0.065107,0.065107,3.94,-4.4941,-1.1446
-2.8932,0.33522,5.2012,0.16724,0.16724,3.9422,-4.0855,-0.050984
-2.8401,0.27987,4.9317,0.30238,0.30238,4.0068,-4.2516,0.24982
-2.9164,0.061076,4.6809,0.099588,0.099588,3.2363,-2.8451,0.31428
-2.8437,-0.010406,4.2916,0.15499,0.15499,2.7986,-3.8067,-1.7335
-2.6995,-0.083261,3.8905,0.10534,0.10534,2.5375,-3.9218,-0.3499
-2.7101,-0.15499,3.7661,0.18509,0.18509,2.5189,-1.6595,-1.8465
-2.8297,-0.17527,3.9542,0.11881,0.11881,2.6115,-4.1183,-0.039586
-2.9694,-0.27488,4.3722,-0.1095,-0.1095,2.6193,-1.5078,-2.1689
-2.9736,-0.21095,4.4456,-0.081137,-0.081137,2.7798,1.6256,-0.001185
-2.9626,-0.095982,4.2576,-0.052899,-0.052899,2.8139,-4.0394,1.1561
-3.0185,-0.075773,3.8792,-0.070847,-0.070847,2.7308,-4.0705,0.058185
-3.2431,-0.13165,6.6548,-0.1574,-0.1574,3.9473,-3.3589,1.4802
-3.2898,-0.13524,6.656,-0.19774,-0.19774,3.3603,-2.4643,2.0922
-3.5289,-0.34478,7.5678,-0.31692,-0.31692,3.5879,-3.0217,1.8955
-3.9146,-0.63358,9.1686,-0.44378,-0.44378,4.1427,-5.0725,-3.1182
-4.1842,-0.96387,8.8981,-0.65753,-0.65753,4.0827,-3.1582,-3.1918
-4.1215,-1.1769,7.2978,-0.77271,-0.77271,4.308,-3.4415,-4.8454
-4.1242,-0.96095,7.7162,-0.090444,-0.090444,5.1293,-2.3725,-4.8757
-3.9076,-0.43364,6.9898,0.27405,0.27405,5.3313,-1.3845,-4.1948
-3.7848,0.20639,6.3942,0.50652,0.50652,5.4519,-1.725,-4.3937
-3.7323,0.67451,6.7488,0.95278,0.95278,5.5062,-2.4315,-4.4812
-3.5414,1.0832,5.5508,0.80945,0.80945,4.6737,-3.7147,2.001
-3.4275,1.3268,4.8037,0.77997,0.77997,3.9892,-4.4649,2.428
-3.3409,1.532,4.934,0.82374,0.82374,3.5546,-1.284,4.434
-3.3938,1.8683,5.215,1.1897,1.1897,3.3656,-5.4186,2.3942
-3.2656,2.134,5.3778,1.1671,1.1671,2.9165,-5.9896,0.27665
-3.1831,2.2807,4.932,1.1386,1.1386,2.5316,-3.6073,3.7263
-3.0742,2.0208,4.652,1.2336,1.2336,2.6783,-4.2072,3.7097
-3.2653,1.7186,5.0325,1.1715,1.1715,3.4601,-4.3852,-0.95184
-3.1288,1.2507,4.3429,0.73081,0.73081,3.7923,-0.63194,3.6042
-3.2432,0.84665,5.8524,0.50133,0.50133,4.96,-1.1161,1.7578
-3.2915,0.5327,5.7233,0.3015,0.3015,5.6184,-1.4779,1.379
-3.2899,0.28449,5.4701,0.098864,0.098864,5.8249,-1.8513,0.89283
-3.2745,0.031244,4.834,0.25252,0.25252,5.3175,-1.8365,1.7624
-3.2779,-0.21037,4.8911,0.19107,0.19107,5.4461,-1.369,-4.417
-3.2836,-0.29718,5.4472,-0.05196,-0.05196,6.0884,-0.55041,1.3257
-3.22,-0.44741,5.6776,0.091674,0.091674,6.3071,-0.99777,1.6733
-3.1787,-0.58442,5.5916,-0.035843,-0.035843,5.4967,-0.71782,1.8339
-3.1107,-0.80832,5.4479,-0.23875,-0.23875,4.9393,-0.72447,-4.4118
-3.2022,-0.97099,5.6626,-0.77078,-0.77078,5.3187,3.1754,1.8072
-3.1181,-1.1195,5.8364,-0.77522,-0.77522,5.3594,-4.3571,-0.92061
-3.0983,-1.0787,5.1458,-0.62301,-0.62301,4.2744,3.1262,-0.58941
-3.0372,-1.1422,5.4972,-0.61052,-0.61052,3.8962,-4.4406,-0.87709
-3.002,-1.2209,6.6632,-0.51863,-0.51863,3.8378,2.0696,-0.31977
-3.0895,-1.2732,6.0811,-0.62504,-0.62504,4.0833,-4.4017,-0.85771
-3.068,-1.2864,6.4333,-0.70094,-0.70094,4.4982,1.1309,0.38177
-3.0244,-1.3805,6.1435,-0.69662,-0.69662,4.0221,-4.415,-0.85599
-3.0158,-1.3863,6.1867,-0.78318,-0.78318,4.5971,0.78403,1.6167
-2.8688,-1.323,6.2786,-0.611,-0.611,4.696,1.3235,0.23299
-2.7531,-1.2832,6.3118,-0.49717,-0.49717,4.4935,0.18019,0.93892
-2.7994,-1.2864,6.6623,-0.56054,-0.56054,4.0252,-4.3837,-0.924
-2.7872,-1.3437,7.0223,-0.59253,-0.59253,4.2051,-2.5631,-1.7336
-2.778,-1.4205,7.0056,-0.55671,-0.55671,4.3731,-4.4132,-0.83785
-2.8629,-1.4408,6.8874,-0.63499,-0.63499,4.3857,-3.4742,-3.7224
-2.845,-1.3372,6.5745,-0.64908,-0.64908,4.1465,-4.4072,-0.87115
-2.8487,-1.3054,5.9584,-0.59761,-0.59761,3.4849,-2.0453,-4.2927
-2.96,-1.3868,6.4673,-0.66291,-0.66291,3.6771,-4.4013,-0.85675
-2.8993,-1.4945,6.5943,-0.69857,-0.69857,3.7296,0.30922,-4.4285
-2.8623,-1.5294,6.4651,-0.84456,-0.84456,3.8054,-4.389,-0.89877
-2.8664,-1.5017,6.4645,-0.45683,-0.45683,3.3568,-2.8272,-4.6857
-2.8181,-1.5335,6.6304,-0.47037,-0.47037,3.61,-4.3993,-0.95337
-2.8055,-1.4365,6.4919,-0.4573,-0.4573,3.6898,-3.0788,-4.1885
-2.82,-1.4051,6.4392,-0.4377,-0.4377,3.5438,-4.4298,-0.85418
-2.7852,-1.4168,6.6754,-0.55463,-0.55463,3.5065,-1.8396,-2.7254
-2.8325,-1.4092,6.6572,-0.51264,-0.51264,3.4737,-3.5249,-3.7887
-2.8311,-1.3508,7.0265,-0.40087,-0.40087,3.8377,-0.51342,-5.3179
-2.8304,-1.315,6.9689,-0.43639,-0.43639,3.9323,2.1897,3.5463
-2.8215,-1.291,7.6902,-0.46092,-0.46092,4.0497,-1.8739,-4.8126
-2.7697,-1.1749,7.517,-0.37161,-0.37161,3.7168,-2.0875,-5.1254
-2.6923,-0.86354,7.4147,-0.24871,-0.24871,3.2191,0.27198,-2.1709
-2.5156,-0.71657,6.1716,-0.24346,-0.24346,2.413,-0.88022,-2.1854
-2.3177,-0.62136,5.3237,0.072016,0.072016,2.3517,-1.895,-2.2141
-2.733,-0.59614,9.3533,0.26024,0.26024,4.3998,-4.0898,0.91749
-3.2407,-1.3547,12.995,-0.53129,-0.53129,5.0774,-3.7589,-3.5764
-3.4464,-1.5338,16.174,-0.7561,-0.7561,6.296,-6.2007,-3.786
-3.649,-1.5573,18.689,-0.92548,-0.92548,6.7636,-6.0969,-5.4649
-2.5404,-7.612,25.105,-1.7108,-1.7108,2.2656,5.9005,-5.7293
-1.8775,-7.7641,25.1,-1.6462,-1.6462,2.6132,6.4703,-6.48
-2.0971,-7.9289,23.873,-1.7549,-1.7549,2.7725,4.8649,-7.0175
-2.5365,-8.0456,23.896,-1.8826,-1.8826,3.7944,5.7667,-7.6815
-2.5521,-8.0628,24.828,-1.7596,-1.7596,5.0673,5.3391,-8.9862
-2.7655,-7.447,19.831,-0.54877,-0.54877,6.4668,9.6334,-3.9495
-2.4657,-6.7128,14.305,0.95578,0.95578,7.3468,3.0022,-4.5765
-1.3877,-5.5815,10.415,0.68024,0.68024,4.3223,2.3153,-4.317
-1.0361,-5.8201,10.012,-0.43935,-0.43935,2.1032,2.384,-4.6185
-1.0948,-5.9386,10.45,-1.1535,-1.1535,1.7859,0.2393,-5.5886
-1.3055,-6.0899,13.298,-1.2482,-1.2482,4.3858,0.35297,-4.067
-1.599,-6.2683,14.722,-2.3238,-2.3238,5.835,-0.053017,-9.4231
-1.5842,-6.9848,17.938,-3.9761,-3.9761,4.9895,-3.3065,-6.4882
-2.0771,-6.2872,16.938,-4.2257,-4.2257,5.0619,2.0864,-7.4179
-2.516,-5.7161,17.816,-3.462,-3.462,5.115,1.923,-6.0515
-2.8488,-5.4468,18.861,-3.7984,-3.7984,5.1945,1.0722,-6.6777
-3.0214,-5.3446,18.4,-4.0923,-4.0923,5.9416,1.4546,-7.0429
-3.19,-5.2057,20.117,-5.4516,-5.4516,6.8787,1.1099,-6.9201
-3.2229,-5.0734,20.762,-5.5208,-5.5208,7.176,1.146,-5.3221
-3.6394,-4.4986,19.668,-6.0756,-6.0756,7.416,0.41457,-5.816
-4.5117,-4.3093,16.741,-7.232,-7.232,8.6007,0.076022,-7.6014
-5.1302,-4.192,14.898,-6.4895,-6.4895,9.4665,5.3826,-6.1405
-5.5102,-3.9717,12.566,-5.0556,-5.0556,10.981,6.0758,-7.2859
-5.6489,-3.6862,10.859,-4.4507,-4.4507,11.397,5.7118,-9.1253
-5.8483,-3.4596,11.467,-4.325,-4.325,12.092,2.8714,-3.8082
-5.8657,-3.2139,11.376,-4.1789,-4.1789,11.889,2.5774,-3.9415
-5.9087,-2.6987,10.761,-2.9138,-2.9138,9.8597,4.294,-1.4813
-6.0589,-2.5094,8.9199,-2.0123,-2.0123,8.0616,4.1336,-1.4295
-6.1879,-2.331,8.1359,-1.9537,-1.9537,8.5131,3.8818,-4.4547
-6.2607,-2.0299,7.8185,-1.505,-1.505,7.8756,2.3671,-3.6856
-6.5358,-2.0808,8.3477,-1.6016,-1.6016,7.6449,2.9379,-3.8423
-6.6752,-1.9301,8.0715,-1.3549,-1.3549,7.8603,3.0349,-4.0506
-6.545,-1.7816,7.1959,-1.2621,-1.2621,7.2813,1.5706,-6.7293
-6.6931,-1.6838,7.6262,-1.1676,-1.1676,7.8639,1.7583,-6.7169
-6.8299,-1.6846,6.159,-1.0467,-1.0467,8.2974,1.589,-6.9335
-6.9411,-1.7488,4.8088,-1.2172,-1.2172,8.352,0.75986,-7.1024
-7.0535,-1.8302,5.236,-1.3585,-1.3585,8.7829,0.19435,-7.106
-7.2502,-2.0353,4.4349,-1.416,-1.416,9.2845,0.82739,-7.3584
-7.3236,-2.3469,3.732,-2.3649,-2.3649,9.0094,0.80796,-6.9004
-7.901,-2.2474,3.2588,-3.0787,-3.0787,10.388,-7.4037,-2.5851
-7.5916,-1.7063,2.5243,-2.4147,-2.4147,8.7966,-7.9272,-2.2357
-7.7923,-1.112,2.3515,-1.7992,-1.7992,8.7797,-7.4045,-2.8665
-8.0634,-0.9633,1.9451,-1.4135,-1.4135,8.9712,-8.017,-3.0173
-8.1875,-0.86417,2.0145,-1.5045,-1.5045,9.8935,-8.03,-4.1599
-8.2245,-0.75113,1.9907,-1.2108,-1.2108,10.359,-7.9431,-4.5814
-8.5776,-0.47107,1.7211,-0.47163,-0.47163,10.524,-8.4082,-3.8301
-8.7002,-0.035521,1.5851,0.13272,0.13272,10.636,-7.2665,-3.9456
-8.3939,0.3342,1.6381,0.51875,0.51875,10.173,-8.8236,1.1017
-8.1131,0.62816,1.819,0.52364,0.52364,10.292,-8.6189,-0.69818
-8.1172,1.0566,1.8423,0.9824,0.9824,9.4891,-7.8116,-1.7684
-7.9858,1.3136,1.8105,1.5691,1.5691,9.0872,-8.848,-0.80817
-8.0058,1.3958,1.9952,1.6797,1.6797,8.6326,-9.0406,0.039989
-7.9484,1.4109,1.9968,1.6639,1.6639,8.7767,-8.9665,0.31491
-7.5843,1.389,1.489,1.7753,1.7753,8.8212,-9.0602,0.028342
-7.6961,1.269,1.4369,1.2119,1.2119,9.227,-8.9089,-0.77231
-7.9068,0.76433,1.3405,0.64194,0.64194,9.1708,-8.4375,0.62763
-8.3289,0.47662,0.94219,0.47648,0.47648,9.0287,-8.9791,1.0461
-7.868,-0.045774,1.6799,0.031325,0.031325,9.5218,-8.9761,1.5702
-7.6499,-0.59756,1.7776,-0.36887,-0.36887,9.3813,-9.9425,-1.0012
-7.3253,-0.92017,1.6572,-0.52656,-0.52656,8.6023,-7.396,-1.3334
-7.1347,-0.97827,1.2681,-0.90848,-0.90848,7.306,-8.0094,-1.6794
-7.0355,-1.2233,1.1704,-1.1256,-1.1256,6.6624,-6.6176,0.4976
-6.9152,-1.4336,1.2742,-0.91303,-0.91303,6.6394,-6.8584,-0.70829
-6.837,-1.2863,1.2569,-0.68887,-0.68887,7.078,-6.4562,-2.0922
-6.6354,-1.1499,1.5989,-0.34942,-0.34942,6.9047,-6.0032,-2.3244
-6.5278,-0.99027,1.6694,-0.1732,-0.1732,7.0112,-6.3989,-2.5687
-6.4949,-0.96902,1.7849,-0.20801,-0.20801,7.2846,-6.8811,-1.0523
-6.361,-0.90701,2.0842,-0.329,-0.329,7.7219,-5.6648,0.96885
-6.473,-0.771,2.2638,-0.45766,-0.45766,8.0724,-4.544,3.223
-6.5704,-0.85835,2.4424,-0.95343,-0.95343,8.6707,-4.3081,-4.139
-6.5573,-0.81025,2.6078,-1.1438,-1.1438,8.7578,-7.7713,0.17401
-6.6349,-0.73139,3.2044,-1.3368,-1.3368,9.473,-6.0593,1.9401
-6.6768,-0.76062,3.2036,-1.7974,-1.7974,10.117,-8.4879,-0.456
-6.6554,-0.66232,3.1913,-2.3698,-2.3698,10.61,-8.3784,-0.79356
-6.6604,-0.6302,4.0986,-2.4198,-2.4198,10.594,-8.9084,-1.6271
-6.8422,-0.75954,3.9487,-2.132,-2.132,10.11,-9.9974,-1.4721
-6.8205,-0.70794,3.6008,-1.8039,-1.8039,11.16,-8.8104,0.062988
-6.5321,-0.30304,3.2581,-1.1046,-1.1046,9.9675,-8.8375,-0.97038
-6.0807,0.074703,4.1223,-1.047,-1.047,10.137,-5.4036,0.23398
-6.2794,0.041834,3.9647,-0.93872,-0.93872,10.783,-10.417,1.6563
-6.5799,0.084826,3.8,-0.86667,-0.86667,12.239,-10.327,1.3451
-6.3525,0.10069,4.7066,-1.4069,-1.4069,11.773,-10.372,1.5329
-6.5213,0.11375,5.0305,-1.486,-1.486,13.728,-6.8238,-2.0452
-6.4533,0.3489,5.2277,-2.0091,-2.0091,14.458,-7.1712,-1.5706
-6.3361,0.63317,5.2718,-1.8023,-1.8023,15.284,-6.2472,-3.6002
-6.0305,0.71155,5.0673,-1.3327,-1.3327,15.029,-6.349,-2.2325
-6.2557,1.0614,4.7877,-0.67289,-0.67289,15.123,-5.9033,0.30916
-6.1589,1.2374,4.7513,-0.37017,-0.37017,14.952,-7.226,-0.37244
-6.3814,1.4277,4.8203,0.14776,0.14776,15.261,-6.8186,1.19
-6.2717,1.7252,4.4321,0.6347,0.6347,13.393,-6.0945,0.52362
-6.1987,1.9115,4.601,0.74912,0.74912,12.53,-7.1635,-0.24224
-6.0958,2.1382,4.7058,1.2909,1.2909,11.596,-6.1386,-1.1768
-5.9243,2.1215,4.325,1.1451,1.1451,11.042,-5.6104,4.6369
-5.892,2.1647,4.0693,1.0696,1.0696,10.051,-5.6231,4.7134
-5.9588,2.4632,3.9496,1.2505,1.2505,9.9651,-4.8872,6.372
-6.1225,2.8182,3.2192,1.1017,1.1017,8.2426,-7.2188,2.7718
-6.2113,2.5956,2.4994,1.3198,1.3198,7.0366,-6.6453,2.5012
-6.2961,2.3571,2.4672,1.2032,1.2032,6.4734,-8.4449,3.7035
-6.2845,2.4972,2.5178,1.6232,1.6232,5.7846,-6.7436,2.0953
-6.6409,2.273,2.6898,1.8397,1.8397,6.4593,-7.093,0.62968
-6.5939,1.8237,2.8742,1.6448,1.6448,7.3117,-7.105,0.50486
-6.5113,1.3377,2.1378,1.2817,1.2817,7.2046,-9.0128,1.1673
-6.8549,0.92318,2.2341,0.90296,0.90296,8.0135,-8.0907,1.2929
-7.1924,0.27729,2.2743,-0.40181,-0.40181,9.1114,-7.8658,-0.95005
-7.1731,-0.39061,2.7695,-1.1455,-1.1455,9.1586,-7.6324,0.74791
-7.3238,-1.0484,2.6169,-1.4078,-1.4078,9.7685,-10.118,0.53354
-6.9196,-1.1887,2.0757,-1.4492,-1.4492,8.2103,-7.1517,5.0167
-6.7467,-1.1787,1.4971,-1.1184,-1.1184,6.7956,-6.9277,4.1613
-6.8272,-1.2449,1.3966,-1.0792,-1.0792,6.9439,-7.841,3.321
-6.0948,-1.6081,2.2848,-0.69967,-0.69967,6.3904,-5.8224,0.29127
-5.5348,-1.1617,1.5105,-0.19624,-0.19624,5.3169,-5.4691,0.31398
-6.7807,-3.2102,3.3852,-2.9804,-2.9804,9.4346,-7.0928,2.7875
-6.4959,-3.4293,3.2785,-2.5837,-2.5837,7.2027,-6.6521,1.5113
-6.5842,-3.5089,3.534,-3.3661,-3.3661,6.1292,-8.0341,4.5789
-6.1459,-3.553,3.3691,-2.4551,-2.4551,5.4289,-7.6373,5.0478
-5.8871,-2.8489,4.8185,-1.9438,-1.9438,6.0863,-6.8273,4.8357
-5.9069,-3.0261,4.4321,-2.7816,-2.7816,5.1481,-6.2893,5.1403
-7.612,-3.3519,3.162,-3.0862,-3.0862,8.0107,-5.9828,3.5311
-7.399,-3.4099,2.6554,-2.9168,-2.9168,8.0926,-7.9055,1.5559
-6.9192,-3.2192,2.7341,-2.7973,-2.7973,7.6276,-7.7075,4.9559
-6.7033,-3.2106,2.6561,-2.6282,-2.6282,7.4944,-7.332,0.092312
-6.7659,-3.0373,2.1314,-2.2602,-2.2602,6.9937,-7.0251,0.59168
-6.8828,-2.7369,2.4201,-2.0294,-2.0294,8.0142,-6.4267,-3.0224
-6.9837,-2.3458,2.1729,-2.3094,-2.3094,9.0512,-7.1942,-3.5856
-7.2799,-1.7983,2.2967,-1.8964,-1.8964,10.612,-7.3565,-2.7785
-7.652,-1.5163,3.165,-1.8353,-1.8353,13.364,-8.6314,-0.92269
-7.9501,-1.4958,3.0038,-1.7994,-1.7994,13.511,-8.6312,-1.5235
-8.2551,-1.3629,2.8939,-1.8727,-1.8727,16.039,-9.0538,0.21295
-8.1318,-1.0648,3.8115,-0.84659,-0.84659,18.988,-6.8739,0.039771
-7.9899,-0.34093,4.0161,0.31876,0.31876,18.763,-6.6661,-0.40003
-7.83,-0.046198,4.712,1.1519,1.1519,18.11,-6.1589,-0.61933
-7.116,-0.15019,4.2975,2.0038,2.0038,19.109,-7.3084,-5.205
-6.3704,0.5473,3.0142,1.8068,1.8068,16.055,-6.9501,-0.38486
-6.0629,0.96697,2.853,1.7018,1.7018,13.213,-6.9484,-5.2143
-5.9643,1.1718,2.9219,1.543,1.543,10.478,-6.6218,-6.7314
-5.758,1.2858,3.0916,1.2912,1.2912,8.3071,-4.938,-6.4059
-5.933,1.2728,3.0137,1.5797,1.5797,8.3325,-7.3374,-6.1242
-5.9704,1.3413,3.0988,1.3491,1.3491,7.8994,-5.5328,-2.7736
-6.4776,1.5305,2.535,0.97761,0.97761,8.2849,-5.4306,-2.1043
-6.1501,1.562,2.1519,0.52309,0.52309,8.0208,-6.4827,-2.3451
-6.186,1.6176,1.9497,0.20864,0.20864,8.6032,-8.4639,-2.9959
-6.2085,1.8678,1.9261,0.3267,0.3267,8.6266,-8.8358,-2.6754
-5.9496,1.9224,2.0729,0.2967,0.2967,8.5786,-4.7099,-3.6924
-6.076,2.1291,2.1988,0.57438,0.57438,9.0286,-6.3694,1.8674
-6.3614,2.2498,2.4494,0.74573,0.74573,10.025,-6.921,1.5524
-6.4606,2.0813,3.0136,0.62628,0.62628,10.791,-8.8898,1.0099
-6.6553,1.9147,3.076,-0.056622,-0.056622,11.721,-8.873,1.4278
-6.3747,1.8003,4.0452,0.11948,0.11948,13.384,-7.2984,1.5105
-6.4609,1.5536,4.2149,-0.83587,-0.83587,15.656,-8.9091,1.3464
-6.5501,1.2955,5.0017,-1.246,-1.246,17.936,-9.2818,0.63825
-6.1269,1.3346,6.0218,-0.33986,-0.33986,19.398,-9.0783,1.4165
-6.1138,1.456,6.8353,-0.24169,-0.24169,18.529,-3.0908,-6.4267
-6.0395,2.0672,9.0068,0.37972,0.37972,20.49,-3.8705,-7.2163
-6.106,2.6803,10.135,0.55062,0.55062,22.662,-3.2087,-7.3445
-6.1655,3.2423,8.3953,1.6884,1.6884,20.067,-4.9688,-8.0745
-6.154,3.4433,9.713,0.12446,0.12446,18.369,-3.1701,-6.9307
-6.1512,3.852,8.3303,0.45709,0.45709,16.794,3.6132,-5.492
-6.2347,4.4073,7.7982,1.001,1.001,16.058,3.6831,-6.2322
-6.2759,4.8814,7.5623,0.68023,0.68023,15.176,2.9643,-7.152
-6.2014,5.5457,8.9603,1.0576,1.0576,15.177,2.1912,-7.0719
-5.7769,5.7074,7.3837,2.3746,2.3746,14.59,2.4236,-6.1354
-5.769,5.9613,8.0291,3.4894,3.4894,13.391,3.0687,-5.5933
-5.4427,6.06,8.6903,4.2926,4.2926,13.282,2.1548,-6.0159
-5.1124,6.5002,7.91,4.2329,4.2329,11.319,1.1435,-5.5847
-4.7984,6.6909,7.8723,4.8252,4.8252,11.274,0.65198,-6.2892
-4.7019,6.5158,8.4759,5.0715,5.0715,12.579,0.81604,-7.4446
-4.6231,6.3215,9.1927,5.4317,5.4317,14.271,3.1914,-5.7533
-4.7082,5.9139,10.731,6.6033,6.6033,17.28,0.23768,-6.2033
-4.5725,6.1914,11.044,5.9531,5.9531,19.778,0.34849,-7.0481
-4.0702,6.4993,12.113,6.3348,6.3348,22.454,-0.10847,-6.6304
-3.704,6.5937,13.485,6.2027,6.2027,22.901,-0.84703,-7.2423
-3.1073,6.8887,14.651,6.5898,6.5898,20.832,-0.58356,-6.7276
-2.6936,6.9446,15.398,6.8519,6.8519,19.85,-0.96381,-6.6458
-2.3167,6.9939,15.971,7.211,7.211,20.609,-1.7093,-6.5965
-2.0085,7.0891,16.183,7.476,7.476,18.851,-3.1355,-5.4864
-1.8356,7.2405,17.253,8.1524,8.1524,17.045,-2.9816,-5.3449
-1.6121,7.458,18.353,9.2525,9.2525,14.82,-4.9201,-5.7652
-1.2422,7.5854,17.585,9.4788,9.4788,12.972,-4.5566,-5.2507
-0.61752,8.0296,17.439,8.6632,8.6632,13.64,-5.223,-5.2714
0.081932,8.4762,18.451,8.0394,8.0394,11.925,-3.814,-4.7159
0.41773,8.6111,17.923,6.7976,6.7976,9.3235,-4.9199,-3.9646
0.91732,8.6988,17.97,6.988,6.988,9.7723,-1.573,11.706
1.0959,8.6463,17.548,6.112,6.112,8.1031,0.38537,10.117
1.4563,8.9057,15.609,4.5072,4.5072,6.1014,-1.9402,9.4894
1.8843,8.8681,14.008,3.0392,3.0392,4.4565,1.1653,10.212
2.0707,9.3028,15.62,3.391,3.391,4.7081,1.6011,10.009
1.9432,8.8321,16.051,3.3051,3.3051,4.5378,2.8527,10.307
2.2727,8.8285,17.45,3.8819,3.8819,4.9181,5.3509,9.4692
2.6362,8.8062,17.33,3.2844,3.2844,5.0513,4.6041,9.1839
2.7483,8.8355,17.785,2.5344,2.5344,4.5397,3.9699,9.6205
2.7276,8.7093,17.73,2.0078,2.0078,5.714,5.6256,8.8472
3.0295,8.8221,17.681,0.078732,0.078732,4.0924,9.0456,6.7418
3.2729,8.6634,17.914,-0.11201,-0.11201,4.248,8.2359,6.697
3.6165,8.6842,17.932,0.14806,0.14806,6.3091,6.4632,7.5496
3.5948,8.4387,17.776,0.70647,0.70647,5.6945,6.8084,8.2739
4.1394,8.4503,16.054,0.050535,0.050535,5.2249,6.9351,8.7414
4.2549,8.45,15.326,0.19009,0.19009,6.4421,7.5187,6.8752
3.8276,8.0753,16.71,0.92566,0.92566,8.0023,7.7657,6.6577
3.4166,7.8243,18.313,1.946,1.946,7.5085,6.7195,6.9912
2.903,7.9024,19.28,2.4401,2.4401,7.472,6.0505,7.0326
2.708,8.0475,18.578,2.1492,2.1492,7.1323,5.375,7.6533
2.726,8.3783,19.335,2.0783,2.0783,6.8275,8.4512,7.4125
2.3351,8.213,20.698,2.6405,2.6405,6.25,6.1669,7.0377
2.4181,8.3446,21.769,2.7595,2.7595,6.376,4.6637,9.2276
2.6642,8.4769,20.47,2.5475,2.5475,6.4371,4.3912,9.9766
3.2835,8.8163,20.769,2.0987,2.0987,5.6063,3.8369,9.8354
3.8478,8.7808,22.863,2.3187,2.3187,5.2803,2.504,10.27
4.0333,8.3184,22.485,0.82245,0.82245,5.1514,1.4829,9.9047
4.4783,8.3962,24.605,0.75135,0.75135,5.5482,8.9057,8.2414
4.6086,8.1376,24.971,1.6234,1.6234,5.5245,9.1084,8.0866
4.5905,7.6749,22.503,0.32577,0.32577,5.3138,8.4457,6.1012
4.6333,7.6133,22.151,0.32831,0.32831,5.0131,8.2492,5.8973
4.857,7.6863,22.384,-0.20565,-0.20565,4.7848,8.7721,7.3553
5.2496,7.7706,23.606,-0.62031,-0.62031,5.3064,7.0679,9.5483
5.4058,7.5563,26.059,-0.3329,-0.3329,5.6966,7.5466,8.1501
5.3865,7.2691,23.33,-1.2057,-1.2057,5.4766,6.0144,8.3203
5.348,7.0612,23.921,-1.1734,-1.1734,5.3308,5.4757,8.3037
5.3322,6.9097,24.162,-1.8211,-1.8211,5.7402,7.2969,8.2752
5.3176,6.9153,24.16,-2.7068,-2.7068,5.8724,7.1108,7.09
4.4362,6.9312,27.151,-2.2855,-2.2855,6.4075,6.9523,7.4018
4.1612,7.014,30.513,-2.2166,-2.2166,6.9493,7.2039,8.1652
3.9394,7.0902,30.939,-1.3388,-1.3388,6.9939,6.1933,8.0534
2.3703,6.5595,38.221,3.9618,3.9618,7.6468,7.4051,9.6317
1.9433,6.2696,45.566,6.7458,6.7458,10.35,6.3853,9.9196
0.10773,5.4431,48.443,12.131,12.131,12.407,9.5857,4.9343
-3.241,4.8354,29.608,12.017,12.017,12.458,10.528,0.062217
-4.902,2.5879,7.8593,4.7896,4.7896,8.0704,-5.9915,0.54818
-5.7949,2.3988,5.0545,3.7602,3.7602,7.8419,-8.7875,1.696
-5.4303,1.865,3.6585,2.6681,2.6681,8.6739,-7.4854,-0.40112
-6.0529,2.8028,5.8782,4.141,4.141,11.071,-8.6586,0.26598
-5.1823,0.70169,4.7859,2.5224,2.5224,15.544,-6.9769,-0.17712
-5.1524,0.51272,4.963,2.6238,2.6238,14.588,-7.1305,-0.90275
-6.3585,-3.4481,6.7944,-5.1011,-5.1011,16.24,-8.3932,-1.0592
-7.0372,-2.0246,4.5192,-2.9097,-2.9097,17.062,-8.4044,-0.92343
-7.6207,-1.5483,5.1661,-2.4029,-2.4029,18.398,-9.3931,-0.99241
-7.4292,0.52343,2.8036,0.99124,0.99124,9.0955,-8.4682,0.34187
-6.9196,1.9927,3.9367,2.148,2.148,7.9784,-7.3263,-0.071495
-6.4796,2.5017,3.7458,2.039,2.039,6.6421,-8.5923,-0.31012
-6.2099,2.4452,2.8177,1.5355,1.5355,7.199,-6.273,-1.7992
-5.638,1.6723,2.3345,1.4424,1.4424,5.6597,-6.8499,-1.8453
-5.1502,1.5449,1.7858,0.94861,0.94861,3.7074,-7.3313,-0.64707
-4.8564,1.3544,1.5926,0.70873,0.70873,3.7741,-7.9217,0.89982
-5.0942,1.6595,1.9551,0.99837,0.99837,4.2053,-5.6111,1.1187
-4.2316,0.6464,0.99893,0.85857,0.85857,2.8377,-5.1176,0.87908
-3.6544,0.31693,0.97963,0.78582,0.78582,2.2309,-2.9591,0.78344
-3.6863,0.37264,1.5292,1.0775,1.0775,3.0725,-2.4576,-5.0418
-3.5045,0.28563,1.8107,1.0405,1.0405,2.9915,-3.9645,-0.88556
-3.3144,0.17899,1.7681,0.90494,0.90494,3.0502,-4.1224,-0.1137
-3.2869,0.10185,2.2432,0.95828,0.95828,3.0589,-4.9772,-2.4092
-3.1514,0.17194,2.7253,1.0199,1.0199,3.2097,2.73,-1.4566
-3.0445,0.22548,3.086,1.0162,1.0162,3.28,-3.0696,-1.9309
-2.8365,0.22082,3.0297,0.81423,0.81423,3.0837,-2.9174,1.6331
-2.7332,0.2397,3.1889,0.86971,0.86971,3.0256,-4.1722,-2.4679
-2.5487,0.22446,3.4554,0.7704,0.7704,2.9774,-3.0042,1.5845
-2.4574,0.3978,3.7734,0.84821,0.84821,3.1032,-2.5237,-2.5262
-2.3096,0.36114,3.5679,0.62484,0.62484,2.7859,-0.57723,2.0167
-2.5277,0.52733,4.5076,1.0547,1.0547,3.9608,-4.5176,-3.5361
-2.4343,0.54154,4.2666,1.1324,1.1324,3.4867,-1.1666,2.4436
-2.1771,0.72729,4.035,0.98489,0.98489,3.0901,-3.5094,-1.831
-2.1054,0.83509,3.9885,0.89611,0.89611,2.7358,2.7161,-2.2762
-1.9616,0.96551,3.7013,0.79473,0.79473,2.8131,-3.4799,-4.6769
-1.8843,1.0897,3.3347,0.67809,0.67809,2.5026,-0.2683,2.9123
-1.7484,1.154,3.3751,0.71995,0.71995,2.3478,-3.3256,-4.8669
-1.6061,1.1773,3.5789,0.64729,0.64729,2.2038,-2.7398,1.9543
-1.471,1.3475,3.7558,0.47467,0.47467,2.0932,-5.8054,-2.4769
-1.4721,1.3719,3.4543,0.41594,0.41594,2.1749,-1.302,2.8108
-1.4207,1.4243,3.3997,0.33076,0.33076,1.9519,-3.0601,-5.6818
-1.3645,1.5869,3.9152,0.2741,0.2741,1.8215,1.3769,1.1937
-1.3451,1.3699,3.5652,0.17329,0.17329,1.5048,1.5215,0.7017
-1.3459,1.4435,3.8021,0.14475,0.14475,1.5542,2.3839,0.089081
-1.3112,1.4608,3.9054,0.12213,0.12213,1.5539,2.3748,-0.5993
-1.2936,1.3934,3.6445,0.1173,0.1173,1.3906,2.36,-0.10921
-1.2555,1.3614,3.5525,0.076857,0.076857,1.4305,-1.4285,2.439
-1.2676,1.4287,3.7275,0.051067,0.051067,1.9052,2.6621,-0.0234
-1.3507,1.3642,3.3781,0.15876,0.15876,1.677,1.6079,-0.29651
-1.3492,1.4833,3.6081,0.1476,0.1476,1.6968,-3.956,1.9543
-1.3119,1.42,3.4555,0.10004,0.10004,1.5048,-2.1928,2.7425
-1.3594,1.436,3.2463,0.12616,0.12616,1.4494,-1.1834,2.4379
-1.3558,1.5678,3.4859,0.19278,0.19278,1.4166,-2.9307,2.072
-1.3393,1.5004,3.1344,0.18968,0.18968,1.2936,-3.0698,2.5536
-1.2961,1.4816,3.1396,0.086949,0.086949,1.279,-1.0282,2.4292
-1.3331,1.4481,3.1172,0.010897,0.010897,1.2661,-1.6919,1.9856
-1.3019,1.4641,3.1833,-0.021594,-0.021594,1.2792,-1.3888,2.4318
-1.3389,1.4725,3.1046,0.052596,0.052596,1.2146,1.3801,-0.33282
-1.3306,1.5436,3.3213,0.070272,0.070272,1.4896,-1.2716,2.8111
-1.299,1.4406,3.1285,-0.0078065,-0.0078065,1.3725,-2.2781,1.7418
-1.298,1.5198,3.3046,0.033397,0.033397,1.562,-1.1793,2.8173
-1.2805,1.5388,3.3563,-0.039002,-0.039002,1.5399,0.28383,3.1545
-1.2089,1.4492,3.0463,-0.00073507,-0.00073507,1.4132,-2.6631,2.277
-1.2357,1.5525,3.2156,-0.1265,-0.1265,1.4563,-1.2235,2.8315
-1.2549,1.4211,3.2587,-0.026655,-0.026655,1.3596,-3.7497,0.066832
-1.2587,1.4185,3.2435,-0.033801,-0.033801,1.3804,-1.1262,2.4411
-1.2519,1.4813,3.2035,-0.060805,-0.060805,1.3032,-1.3206,1.1536
-1.2532,1.4844,3.1094,-0.024339,-0.024339,1.2916,-1.1717,2.4471
-1.3035,1.4538,3.0525,-0.061179,-0.061179,1.2971,-3.6873,-0.20489
-1.3089,1.4606,3.1001,0.041804,0.041804,1.2788,-1.0938,2.4309
-1.2613,1.4634,3.0024,0.080619,0.080619,1.3114,-4.1157,1.6619
-1.2809,1.4509,2.9602,0.074359,0.074359,1.3308,-1.2632,2.4392
-1.283,1.5601,3.071,0.09703,0.09703,1.5341,-5.323,0.096328
-1.2387,1.5658,3.2276,0.03077,0.03077,1.5529,-1.2217,2.8036
-1.2874,1.4032,3.1889,0.14473,0.14473,1.4171,-4.5993,0.40485
-1.2911,1.4705,3.666,-0.017226,-0.017226,1.473,-2.6171,2.8986
-1.2852,1.5238,3.7349,0.019146,0.019146,1.4321,-2.2302,2.0126
-1.2911,1.5053,3.8255,0.038018,0.038018,1.4361,-2.0973,1.7872
-1.2477,1.5934,4.4038,-0.0097191,-0.0097191,1.5195,-2.5107,2.0798
-1.3639,1.4002,4.2472,0.082236,0.082236,1.6435,-4.0517,0.71299
-1.3521,1.4175,4.8184,-0.04835,-0.04835,1.8182,-0.39897,1.9839
-1.3058,0.99241,3.6734,-0.049951,-0.049951,1.9473,-1.7507,2.5837
-1.2778,0.80925,3.589,-0.020809,-0.020809,1.8097,0.95009,0.90804
-1.2642,0.88572,3.7219,-0.022704,-0.022704,1.8522,-1.703,2.7901
-1.2646,0.79861,3.5167,0.0065099,0.0065099,1.8199,1.0244,0.82935
-1.3246,0.85693,3.9612,-0.055248,-0.055248,2.0018,0.80732,-0.10148
-1.3939,0.78334,3.8327,0.12599,0.12599,1.8988,-4.3043,-3.6032
-1.3305,0.68455,3.2343,0.042698,0.042698,1.8474,-0.13813,1.2629
-1.3081,0.54842,3.3334,-0.077198,-0.077198,1.858,1.1072,0.23683
-1.3975,0.49988,3.1732,-0.012962,-0.012962,1.941,0.26524,-0.60376
-1.363,0.42534,3.7393,0.10515,0.10515,2.3245,-3.8397,-0.2517
-1.3711,0.29263,3.8734,0.11289,0.11289,2.4741,-1.5301,1.5883
-1.3767,0.16182,3.678,0.1145,0.1145,2.4175,1.1037,0.26166
-1.4025,0.31012,4.2677,0.10329,0.10329,2.7067,0.29942,0.69225
-1.3834,0.31717,4.7338,0.16868,0.16868,2.6794,0.55769,1.5743
-1.3355,0.12793,4.1213,0.12075,0.12075,2.6416,-1.232,3.0482
-1.3032,-0.0026282,4.062,0.1144,0.1144,2.8383,-3.588,0.11766
-1.2919,-0.048002,3.7819,0.091425,0.091425,3.0535,-3.2612,1.9439
-1.2985,0.086451,3.8622,0.22023,0.22023,3.1868,0.9934,0.87251
-1.3985,0.33093,4.2423,0.080615,0.080615,3.279,-2.5235,0.97844
-1.424,0.33031,4.0223,0.084631,0.084631,2.9928,1.535,-3.2106
-1.4658,0.28399,4.1216,0.14453,0.14453,2.9281,-1.7679,-2.2692
-1.4746,0.41261,4.463,0.33184,0.33184,2.9811,-2.9294,1.6382
-1.5352,0.50314,4.5559,0.17296,0.17296,2.8062,-0.7134,2.0771
-1.5221,0.51922,4.0129,0.25727,0.25727,2.6524,-3.388,0.8989
-1.4983,0.5959,4.0323,0.2421,0.2421,2.7827,-1.6817,2.1971
-1.4654,0.54122,3.8893,0.26745,0.26745,2.6137,-3.4495,0.79345
-1.4961,0.65897,4.0306,0.32965,0.32965,2.7147,-1.5051,2.2535
-1.4462,0.63773,3.6795,0.28102,0.28102,2.393,0.93079,0.92798
-1.3812,0.6549,3.5088,0.17494,0.17494,2.3316,-0.67263,2.1636
-1.4304,0.7598,3.8522,0.32288,0.32288,2.4861,0.41706,1.6708
-1.4275,0.70306,3.4326,0.32078,0.32078,2.3552,-1.0242,1.6966
-1.4269,0.80173,3.8174,0.39623,0.39623,2.3909,0.49508,1.6388
-1.4806,0.84762,3.9014,0.38803,0.38803,2.3193,-0.41436,1.9616
-1.4116,0.91767,3.7394,0.31023,0.31023,2.2291,-2.8827,1.6918
-1.357,0.95632,3.5841,0.2631,0.2631,2.2339,1.1301,1.6752
-1.4084,0.97337,3.5205,0.16988,0.16988,2.0406,-0.89968,1.6521
-1.3757,1.1085,3.8396,0.15804,0.15804,2.1439,2.2189,-3.4938
-1.5055,1.0334,3.6309,0.32455,0.32455,2.6694,-0.57975,1.1452
-1.53,1.3068,4.4338,0.29148,0.29148,2.7772,0.88324,2.6514
-1.5117,1.5025,5.3029,0.22401,0.22401,3.4383,-6.632,-1.1988
-1.5303,1.4044,7.5957,0.14131,0.14131,5.473,-2.0328,-3.0488
-1.9614,1.5731,10.525,0.47898,0.47898,8.7111,-3.0075,-4.2928
-1.7052,3.4019,16.777,-0.97922,-0.97922,5.8441,-5.234,3.9461
-2.6315,2.857,16.396,-2.1852,-2.1852,6.0502,-3.635,3.4163
-2.7521,2.7133,10.751,-1.3106,-1.3106,3.9505,-3.0545,3.0628
-2.9271,2.3835,8.3105,-0.53454,-0.53454,2.9248,-3.1226,2.9887
-2.5732,2.123,6.573,0.15884,0.15884,2.6177,-2.8219,3.3591
-2.3976,1.7441,6.0527,0.50994,0.50994,2.6296,-2.7978,2.6258
-2.3102,1.5377,6.2656,0.34805,0.34805,2.9898,-2.4381,2.5779
-2.6993,1.6697,6.957,0.60344,0.60344,3.8084,-4.4097,-0.13485
-2.9204,1.4083,6.4785,0.55147,0.55147,3.9144,-5.4669,0.99288
-2.925,0.95534,6.3324,0.42941,0.42941,3.9013,-3.8683,0.36308
-2.993,0.80701,6.8188,0.33269,0.33269,4.1928,0.1645,-2.6395
-3.0451,0.49676,6.8776,0.20963,0.20963,4.4669,-5.4363,1.2381
-2.9421,0.10584,6.0271,0.055581,0.055581,3.9882,-1.174,2.4226
-2.7922,-0.0015794,5.1228,0.16476,0.16476,3.7155,-5.0423,-0.80751
-2.9249,0.035828,5.3081,0.20356,0.20356,3.693,-5.3691,0.070625
-2.9082,0.046306,5.3791,0.10823,0.10823,3.9759,-5.1603,-0.43903
-2.9618,-0.044972,5.2406,-0.040649,-0.040649,3.9687,-5.5487,0.83355
-2.8221,-0.04481,5.1287,-0.18927,-0.18927,3.4576,-6.3294,-1.8371
-2.8581,-0.0414,4.9397,-0.42068,-0.42068,3.4716,-5.4097,1.0056
-2.86,-0.14143,4.6769,-0.74908,-0.74908,3.6201,-3.4714,-1.5756
-2.6906,-0.28495,4.9336,-1.0112,-1.0112,3.4788,-5.1688,2.2863
-2.6429,-0.32416,4.8925,-0.97164,-0.97164,3.4998,-4.632,-1.156
-2.383,-0.51814,4.6432,-0.61154,-0.61154,3.0664,-1.5221,-2.423
-2.3765,-0.62256,5.1633,-0.71051,-0.71051,3.7122,-5.7375,-1.0293
-2.3146,-0.63061,5.5987,-0.64432,-0.64432,4.1442,-6.4889,-0.080293
-2.097,-0.58805,5.3593,-0.36879,-0.36879,3.8048,-6.6108,1.9406
-2.0685,-0.59388,5.5012,-0.091218,-0.091218,3.9036,-6.4982,-1.6904
-1.9816,-0.57157,5.6586,0.112,0.112,4.021,-6.9212,-0.36727
-2.061,-0.54108,5.6501,0.29127,0.29127,4.2535,-6.5612,-2.5891
-1.8816,-0.44305,5.358,0.021728,0.021728,4.3218,-2.7275,1.4279
-1.91,-0.33965,5.3267,0.35468,0.35468,4.1608,-6.1681,-2.1294
-1.9375,-0.21945,5.1952,0.71903,0.71903,4.4972,-1.8591,1.6406
-1.9237,-0.13916,5.1955,0.60852,0.60852,4.453,-5.9847,-0.35505
-1.7395,0.011297,5.1518,0.64149,0.64149,4.4407,-1.3926,3.1564
-1.6875,0.1086,4.9337,0.54718,0.54718,4.0181,-6.0015,-0.48782
-1.5921,0.097536,5.3309,0.44367,0.44367,3.7986,-0.47937,1.3228
-1.5622,0.22877,5.4312,0.67112,0.67112,3.7305,-6.0641,-2.3852
-1.648,0.24204,4.9417,0.56821,0.56821,4.0077,-2.8029,0.91111
-1.696,0.2251,5.2395,0.58588,0.58588,3.9984,-6.0097,-0.55602
-1.674,0.16648,5.2416,0.49792,0.49792,3.9945,-2.4071,1.6093
-1.642,0.19427,5.2389,0.57793,0.57793,4.2835,-6.0254,-0.36226
-1.6672,0.14795,5.2541,0.39279,0.39279,4.4039,-2.1983,1.2621
-1.6075,0.12708,4.9625,0.42576,0.42576,4.1261,-6.0249,-0.67498
-1.6593,0.17366,5.5576,0.37017,0.37017,4.7292,-1.6987,2.7341
-1.5058,0.19753,5.8356,0.39877,0.39877,4.6785,-6.4452,-0.012786
-1.5849,0.21977,5.9857,0.24653,0.24653,4.6729,-2.4478,-1.0093
-1.5988,0.21365,5.839,0.17565,0.17565,4.7464,-6.4432,0.0014633
-1.629,0.27243,5.7909,0.13904,0.13904,4.4202,-1.0456,-1.2092
-1.6795,0.30126,6.0473,0.11276,0.11276,4.6924,-6.2378,0.81636
-1.6428,0.16431,6.4466,0.52581,0.52581,4.3398,-3.6641,-4.4493
-1.8955,0.21432,6.5521,0.64233,0.64233,4.2857,-6.2123,0.64621
-1.8617,0.29527,6.5667,0.70961,0.70961,4.1506,-3.5571,-3.9166
-1.7503,0.28552,5.4766,0.36473,0.36473,4.4639,-5.5132,0.86419
-1.6506,0.3338,5.0667,0.40883,0.40883,4.0255,-3.3366,-4.6893
-1.6738,0.74148,5.9975,0.60758,0.60758,4.9566,-4.8425,-5.1036
-1.5245,0.51691,5.2208,0.49547,0.49547,3.8344,-3.3212,-4.5954
-1.492,0.62931,5.1767,0.4264,0.4264,3.5479,-6.008,-0.42455
-1.5309,0.55801,5.6941,0.33767,0.33767,3.8887,-4.699,2.1276
-1.6031,0.4136,6.1861,0.055365,0.055365,4.4969,-5.5302,0.86544
-1.6548,0.25197,6.3839,0.29652,0.29652,4.4696,-2.7463,2.0004
-1.7722,0.22242,5.962,0.36691,0.36691,4.6159,-5.4433,1.1353
-1.8605,0.10656,6.0512,0.22927,0.22927,4.5622,0.53137,0.96391
-2.0046,0.022784,6.1846,-0.034019,-0.034019,4.6094,-5.4006,1.1311
-2.0988,-0.044912,6.1689,-0.10833,-0.10833,4.4508,1.7068,2.609
-2.1688,-0.10227,6.2202,-0.16728,-0.16728,4.3142,-5.4099,1.2375
-2.3275,-0.16365,6.186,-0.44052,-0.44052,4.4523,-1.4928,4.1297
-2.3691,-0.23379,5.4403,-0.48725,-0.48725,4.1964,-5.3905,1.0104
-2.3128,-0.42973,5.7944,-0.5824,-0.5824,4.118,-5.2686,0.63447
-2.2064,-0.51285,5.7333,-0.48021,-0.48021,3.8995,-5.5639,0.89361
-2.295,-0.70618,5.9918,-0.53368,-0.53368,3.7558,-4.3055,2.0459
-2.3844,-0.68688,5.9329,-0.50158,-0.50158,3.9294,-4.6812,4.1819
-2.534,-0.8123,5.9416,-0.60789,-0.60789,3.8726,-3.7377,2.3229
-2.7117,-0.77686,6.2585,-0.64252,-0.64252,3.7725,-5.4383,0.15116
-2.8317,-0.83074,5.8741,-0.53185,-0.53185,3.3867,-4.2668,1.3606
-2.9453,-0.78755,5.5538,-0.48949,-0.48949,3.237,-5.0886,-0.74134
-2.9937,-0.77569,5.6105,-0.33182,-0.33182,3.4368,-6.1988,0.9917
-2.9749,-0.62702,5.7074,-0.28168,-0.28168,3.5132,-5.315,-0.062862
-2.9618,-0.55466,5.7833,-0.3184,-0.3184,3.8583,-5.2017,1.251
-3.0539,-0.46804,5.0019,-0.31108,-0.31108,3.5883,-5.1075,-0.76069
-3.1887,-0.48623,4.9743,-0.372,-0.372,3.4047,-5.5923,1.6944
-3.2302,-0.455,4.4356,-0.25126,-0.25126,3.1901,-5.1319,-0.58677
-3.4019,-0.26741,4.2249,-0.15266,-0.15266,3.4741,-3.991,2.0231
-3.4609,-0.24508,3.8446,-0.1728,-0.1728,3.2001,-5.1498,-0.65937
-3.6,-0.15179,3.6253,-0.20355,-0.20355,3.1086,-3.161,2.6502
-3.5181,-0.196,3.3669,-0.34023,-0.34023,2.8959,-5.1318,-0.69412
-3.575,-0.1831,3.2911,-0.25654,-0.25654,3.0129,-4.536,-0.50592
-3.5565,-0.17369,3.9903,-0.30016,-0.30016,3.3349,-5.6005,0.76843
-3.3933,-0.32707,4.0691,-0.42716,-0.42716,3.687,-3.4093,0.55414
-3.2101,-0.29797,4.2154,-0.26147,-0.26147,3.9005,-5.6412,-0.72044
-3.0924,-0.28708,4.1848,-0.12405,-0.12405,4.0155,-4.5976,0.8593
-3.0381,-0.24922,4.849,0.0024704,0.0024704,4.3338,-5.9,0.048772
-2.8964,-0.21049,5.0763,-0.040314,-0.040314,4.6432,-4.0864,0.7953
-2.7324,-0.28041,4.8251,-0.035577,-0.035577,4.3687,-5.1899,-0.95048
-2.6904,-0.19989,4.727,0.18535,0.18535,3.9488,-5.1195,-0.65311
-2.7757,-0.22909,4.7875,0.070306,0.070306,3.5266,-5.1326,0.00039148
-2.9157,-0.12938,5.1492,0.028807,0.028807,3.5808,-5.2831,0.3797
-2.9752,-0.063374,5.128,-0.062908,-0.062908,3.5319,-4.1734,2.3399
-3.0593,-0.087617,4.656,-0.2361,-0.2361,3.5155,-5.2831,0.25723
-2.9743,-0.18391,4.1797,-0.39407,-0.39407,3.5792,-0.79838,2.5568
-3.1514,-0.15828,4.3061,-0.33591,-0.33591,3.3524,-5.3317,0.2266
-3.119,-0.25347,4.1864,-0.37171,-0.37171,3.2664,0.16163,2.0795
-3.1648,-0.31488,4.4006,-0.44491,-0.44491,3.1956,-5.3437,0.22388
-3.1575,-0.33886,4.2202,-0.43342,-0.43342,3.2418,2.4969,1.2581
-3.2171,-0.34867,4.1291,-0.48167,-0.48167,3.2267,-5.313,0.24389
-3.2564,-0.27371,4.2459,-0.40686,-0.40686,3.2901,2.4901,2.3139
-3.2855,-0.32213,4.6958,-0.53103,-0.53103,3.3867,2.9481,0.045786
-3.2297,-0.23481,4.5842,-0.32559,-0.32559,3.3266,-4.2594,2.8697
-3.2261,-0.17467,4.4245,-0.39564,-0.39564,3.4722,-5.2801,0.066666
-3.3235,-0.29083,4.6804,-0.48933,-0.48933,3.4376,-4.6396,1.6152
-3.2777,-0.23893,4.2517,-0.40931,-0.40931,3.4029,-5.3561,0.16847
-3.3835,-0.22645,3.7716,-0.45752,-0.45752,3.4086,-4.6894,1.0965
-3.4319,-0.39345,3.811,-0.57392,-0.57392,3.3592,-5.1394,-0.58426
-3.5504,-0.48337,3.9497,-0.65762,-0.65762,3.5259,-1.5829,-4.4989
-3.5775,-0.33888,3.911,-0.56297,-0.56297,3.3723,-5.3298,0.12982
-3.5759,-0.39266,4.658,-0.65791,-0.65791,3.6656,0.31789,-3.6773
-3.7456,-0.49454,5.8029,-0.16275,-0.16275,3.8761,-4.4643,-0.07982
-3.0793,-0.33303,4.4245,0.37211,0.37211,3.5243,-5.272,-1.1632
-3.0613,-0.28479,4.5886,0.17397,0.17397,3.759,-3.1313,-3.623
-3.5257,-0.43292,5.0779,0.75406,0.75406,5.3579,-5.595,-1.6879
-3.6248,-0.66288,5.3585,0.24888,0.24888,5.9915,-5.2398,-2.3797
-3.7507,-0.65081,4.7258,-0.16983,-0.16983,6.1242,-4.4112,-2.6323
-3.8789,-0.42042,4.7923,-0.48724,-0.48724,6.5276,-3.943,-3.0644
-4.1897,-0.53342,5.0164,-0.96975,-0.96975,7.1128,-5.4786,-3.0766
-3.4986,-1.6157,4.7409,-1.0072,-1.0072,6.5313,-3.8312,-2.9604
-3.2689,-1.4967,4.4427,-0.83404,-0.83404,6.1292,-4.7927,-3.6891
-2.9636,-0.93145,3.3772,-0.55638,-0.55638,4.2291,-1.1761,-3.4388
-2.456,-0.86527,2.7521,-0.18938,-0.18938,3.4254,-1.9646,-3.893
-2.2043,-0.61735,2.4732,0.14158,0.14158,3.2142,-1.5793,-4.4829
-2.1006,-0.3005,2.36,0.25108,0.25108,2.9937,-2.9468,0.6044
-2.0164,-0.14977,2.4123,0.23968,0.23968,2.6445,1.0533,-3.8601
-1.9678,0.0093596,2.598,0.19904,0.19904,2.6536,-5.3271,-0.61741
-1.9163,0.085534,2.6574,0.11254,0.11254,2.689,-4.201,1.2691
-1.8222,0.18597,2.5169,0.061004,0.061004,2.3785,-4.0375,1.4116
-1.7312,0.14107,2.4017,0.062651,0.062651,2.2107,-1.6811,-1.8074
-1.7357,0.15436,2.4369,0.11401,0.11401,2.0355,-4.2306,1.0589
-1.6922,0.15021,2.5926,-0.036777,-0.036777,2.1602,-4.2842,0.8529
-1.7146,0.09408,2.738,0.0089096,0.0089096,2.3582,-2.7939,-1.1058
-1.7169,0.080346,2.6889,0.065184,0.065184,2.4763,2.7333,-1.4248
-1.6816,0.064439,2.6456,0.031233,0.031233,2.4874,1.939,-3.9125
-1.6925,0.055153,2.7341,0.042912,0.042912,2.6533,-6.3675,0.11777
-1.6692,0.096455,2.7093,0.051405,0.051405,2.5158,-4.203,1.1014
-1.675,0.10376,2.5196,0.038085,0.038085,2.5366,-0.24016,-3.8575
-1.6313,0.025221,2.2143,0.12795,0.12795,2.2026,-4.3365,-1.4256
-1.6312,0.037236,2.0421,0.076843,0.076843,1.9466,1.5328,-3.2819
-1.6388,-0.050397,1.9494,0.038695,0.038695,1.7832,-0.062804,-1.6958
-1.6088,-0.0077662,1.9781,-0.062172,-0.062172,1.8047,-3.1049,0.60319
-1.5873,0.15904,2.0988,-0.21032,-0.21032,2.2079,-0.40677,-2.4655
-1.6774,0.17206,2.3504,-0.18668,-0.18668,2.4201,-3.7389,1.4849
-1.6537,0.10591,2.617,-0.12426,-0.12426,2.5812,-5.1517,-1.4665
-1.6993,0.081815,2.5265,-0.10999,-0.10999,2.4841,-1.7385,-0.65967
-1.7133,0.089837,2.5142,-0.16033,-0.16033,2.4015,-3.7004,2.0972
-1.644,0.061274,2.4328,-0.25475,-0.25475,2.2503,-2.6918,-0.82005
-1.6298,0.035925,2.4802,-0.2895,-0.2895,2.2885,2.3205,-3.2597
-1.6516,0.05875,2.4826,-0.31718,-0.31718,2.3416,2.1793,-3.4351
-1.6031,0.077214,2.4074,-0.33366,-0.33366,2.2686,-1.803,-2.513
-1.6294,0.11317,2.3207,-0.315,-0.315,2.2625,2.4836,-3.1999
-1.6436,0.016696,1.9986,-0.29341,-0.29341,1.8503,-0.79501,-3.0139
-1.7076,-0.10604,2.3237,-0.10656,-0.10656,1.9134,-3.8965,-0.2985
-1.7084,-0.11771,2.5468,0.0061493,0.0061493,2.0817,-1.3217,-1.316
-1.7255,-0.13834,2.6036,0.10716,0.10716,2.0809,-2.0717,-2.837
-1.7126,-0.1762,2.3478,0.10823,0.10823,2.0356,-1.0521,0.0071269
-1.6519,-0.18388,2.1533,0.034911,0.034911,2.0527,-0.014636,-3.2724
-1.5847,-0.17272,2.0848,-0.094884,-0.094884,1.9702,1.2877,-0.28001
-1.5963,-0.18513,2.0253,-0.0092535,-0.0092535,1.8693,0.25991,-3.2229
-1.6194,-0.080618,2.122,-0.014955,-0.014955,1.8198,0.17544,-0.94268
-1.6215,-0.14492,2.1484,-0.068488,-0.068488,1.8036,-3.3776,-0.074387
-1.6427,-0.20808,2.2032,-0.029992,-0.029992,1.8051,0.68942,-0.53667
-1.7001,-0.16703,2.2994,0.041147,0.041147,1.9216,-3.513,0.30611
-1.6891,-0.14991,2.4093,0.087481,0.087481,1.9621,-1.1713,0.2524
-1.6756,-0.1437,2.377,-0.017264,-0.017264,1.9428,-3.4551,0.11194
-1.6072,-0.085727,2.2714,-0.11316,-0.11316,1.973,-0.072681,0.0611
-1.6522,-0.078555,2.3357,-0.11463,-0.11463,1.9298,-3.4951,0.15928
-1.6803,-0.047296,2.4192,0.027829,0.027829,1.9609,-0.061231,0.83951
-1.6768,-0.18751,2.3294,0.057708,0.057708,1.8785,-2.1348,-2.8198
-1.7237,-0.16306,2.6936,0.11527,0.11527,1.9634,-1.6103,0.81417
-1.7199,-0.17101,2.8917,0.060449,0.060449,1.9949,-3.8342,-0.51646
-1.7592,-0.20333,2.8087,-0.028747,-0.028747,2.0321,-2.6602,-1.0965
-1.8086,-0.20366,2.6908,-0.034131,-0.034131,2.01,-3.5021,0.27087
-1.8384,-0.16357,2.7454,0.020164,0.020164,2.161,-0.06071,0.33165
-1.8075,-0.22292,2.5141,-0.012079,-0.012079,2.1175,-3.5323,0.16925
-1.6997,-0.17591,2.2818,-0.1695,-0.1695,2.1933,-1.3247,1.5562
-1.6788,-0.055058,2.3361,-0.20783,-0.20783,2.0694,-3.1322,0.88802
-1.7105,-0.0044121,2.2905,-0.23144,-0.23144,2.0269,-2.0684,-1.0007
-1.7462,0.061331,2.2082,-0.23338,-0.23338,1.9904,-3.1374,0.91139
-1.7205,0.059928,2.1763,-0.13767,-0.13767,2.0911,-3.9092,-1.836
-1.742,-0.025038,2.1568,-0.15467,-0.15467,2.0303,-3.4685,0.23395
-1.7345,-2.9081e-05,2.3294,-0.13468,-0.13468,2.0704,-1.9823,0.62551
-1.8102,0.033362,2.4434,-0.020967,-0.020967,2.1069,-3.4938,0.52381
-1.8342,0.098881,2.41,0.030241,0.030241,2.0264,-3.6907,2.7225
-1.8248,0.12106,2.3012,-0.03779,-0.03779,1.9229,-3.0975,0.94302
-1.8672,0.14219,2.3273,-0.016681,-0.016681,1.9705,-3.7304,1.18
-1.798,0.16057,2.2535,-0.0073978,-0.0073978,1.9951,-3.1902,0.94215
-1.7574,0.13838,2.2449,-0.028934,-0.028934,2.1726,-2.5013,1.8011
-1.7571,0.12785,2.2491,-0.097902,-0.097902,2.128,-3.1306,0.99833
-1.7775,0.072688,2.3539,-0.11727,-0.11727,2.1162,-3.5156,-2.6696
-1.7866,0.072041,2.4864,0.0012062,0.0012062,2.1556,-4.0256,0.022639
-1.7579,0.089016,2.4979,-0.044573,-0.044573,2.257,-2.9052,1.2371
-1.7407,0.11061,2.3815,-0.10294,-0.10294,2.1669,-3.0926,1.1005
-1.7071,0.074462,2.3725,-0.1803,-0.1803,2.1344,-2.8375,2.0207
-1.6772,0.091789,2.3329,-0.093709,-0.093709,1.9965,-3.1408,1.0388
-1.7364,-0.0022651,2.317,-0.19762,-0.19762,1.909,-1.5317,0.73947
-1.6823,0.030471,2.4155,-0.15051,-0.15051,1.9914,-3.1745,0.92703
-1.8074,0.017237,2.6108,-0.16115,-0.16115,2.1069,-2.8509,0.89899
-1.8433,-0.022291,2.7501,-0.072382,-0.072382,2.1835,-3.5773,0.45362
-1.8447,0.023676,2.5815,-0.10327,-0.10327,2.1351,-3.8935,1.1264
-1.831,0.064625,2.4333,-0.23828,-0.23828,2.2179,-3.1992,1.035
-1.8679,0.054831,2.3824,-0.31323,-0.31323,2.2061,-3.222,0.97349
-1.8331,-0.021484,2.2522,-0.22812,-0.22812,2.1886,-3.457,0.24932
-1.8209,-0.024142,2.2269,-0.15716,-0.15716,2.0637,-2.1921,1.9842
-1.7579,-0.051565,2.2869,-0.088586,-0.088586,1.9967,-3.5053,0.18572
-1.7358,-0.0037535,2.2371,-0.076246,-0.076246,1.9089,-2.2001,2.4437
-1.7227,-0.029284,2.1261,-0.073222,-0.073222,1.9634,-3.4902,0.32386
-1.7054,-0.002224,2.2271,-0.076064,-0.076064,2.0017,0.43692,1.9801
-1.6604,0.0065073,2.2624,-0.013682,-0.013682,1.9404,-3.8742,-0.50864
-1.5766,-0.0098688,2.2719,0.11677,0.11677,1.9363,-5.9013,0.0002001
-1.5458,0.009165,2.2911,0.01239,0.01239,1.9719,-3.5621,0.20363
-1.5701,-0.0088178,2.2694,0.011968,0.011968,1.9025,1.0465,0.97398
-1.597,0.063865,2.5214,-0.044471,-0.044471,1.984,-3.5422,0.75209
-1.6407,0.023427,2.551,-0.06124,-0.06124,1.8384,-0.55397,1.5082
-1.6578,-0.002121,2.4275,-0.15736,-0.15736,1.8085,-3.5042,0.15367
-1.6606,-0.0055243,2.3273,-0.089201,-0.089201,1.7765,-0.35206,-0.16188
-1.6611,0.094485,2.4547,-0.073594,-0.073594,1.9253,1.2813,-3.304
-1.6782,0.13964,2.4535,-0.073705,-0.073705,1.9349,1.3337,-0.13482
-1.705,0.21186,2.541,0.013267,0.013267,1.8611,-3.6113,0.64667
-1.6707,0.194,2.7146,0.012601,0.012601,2.1058,1.0659,0.42245
-1.7099,0.15964,2.5128,0.0052495,0.0052495,2.0874,-3.611,0.68996
-1.7101,0.11893,2.4452,0.0020533,0.0020533,2.0993,0.705,1.4225
-1.7343,0.1017,2.6043,0.046168,0.046168,2.1248,-4.0534,0.012197
-1.7981,0.24115,2.743,-0.019467,-0.019467,2.472,0.53648,-1.3627
-1.8058,0.17555,2.9331,0.13019,0.13019,2.7972,-4.4875,-2.0827
-1.9891,0.047172,2.872,-0.089025,-0.089025,3.1362,0.050034,1.0687
-4.2113,-0.93778,2.3045,-2.4439,-2.4439,7.3319,-5.1648,2.5487
-4.2801,0.31047,3.5037,-1.785,-1.785,9.4449,-4.1066,2.128
-3.7415,0.18187,3.9077,-1.3132,-1.3132,7.6968,-2.8348,2.9038
-3.3859,-0.24143,2.8003,-1.1934,-1.1934,5.421,-4.072,1.3258
-3.1685,-0.25225,2.0415,-1.003,-1.003,3.9019,-2.8047,-2.1659
-2.9167,-0.10794,1.7971,-0.59429,-0.59429,2.9145,-3.1436,-1.2341
-2.8368,-0.24086,2.1028,-0.49587,-0.49587,2.4205,-2.8877,-2.0786
-2.4702,-0.19198,1.7329,-0.26525,-0.26525,1.9324,-3.9438,-2.3328
-2.1067,-0.3334,1.6029,-0.066321,-0.066321,1.7735,-2.9476,0.060712
-2.0165,-0.46958,1.918,0.03559,0.03559,1.6338,-0.77481,-2.7883
-2.0112,-0.41788,2.2562,0.053194,0.053194,1.824,-3.8909,-0.53625
-1.971,-0.34672,2.4253,0.18611,0.18611,2.1171,-2.7259,0.96374
-1.9241,-0.31137,2.5304,0.14535,0.14535,2.101,-2.0242,-0.8394
-1.9203,-0.29386,2.5647,0.19152,0.19152,2.1035,-3.8666,-0.39755
-1.9123,-0.23302,2.5189,0.18728,0.18728,2.0158,-1.5215,-1.7903
-1.8887,-0.25361,2.6829,0.17739,0.17739,2.0192,-2.8827,-2.0846
-1.8636,-0.181,2.9297,0.10485,0.10485,2.0851,-1.4511,1.7221
-1.8842,-0.14829,3.014,0.14554,0.14554,1.9632,-0.95018,-4.5879
-1.8702,-0.11345,3.0056,0.12157,0.12157,2.0434,-4.0683,0.059019
-1.8886,-0.137,3.0877,0.11353,0.11353,2.108,-1.4243,1.6786
-1.8166,-0.1005,3.3259,0.2086,0.2086,2.2327,-1.9898,-2.9982
-1.8041,-0.058267,3.3287,0.21221,0.21221,2.1248,-2.9081,-2.0717
-1.8352,-0.064969,3.157,0.12121,0.12121,2.1031,-2.6807,-2.1689
-1.868,-0.086581,2.848,-0.021673,-0.021673,1.9584,-1.5012,0.7345
-1.8759,-0.11566,2.8195,0.011517,0.011517,1.9166,-4.0784,-0.17881
-1.8842,-0.1201,3.1384,-0.045834,-0.045834,1.9289,-1.3358,0.88409
-1.9019,-0.10772,3.1015,0.0078639,0.0078639,1.9231,-4.3762,-0.44536
-1.8892,-0.11534,3.102,0.052361,0.052361,2.0146,-4.2415,-0.89915
-1.8656,-0.16336,3.0554,0.090005,0.090005,2.054,-0.32084,0.99148
-1.8819,-0.1202,2.8953,0.0016388,0.0016388,2.0477,-1.7023,-2.3997
-1.8656,-0.20913,2.6453,0.047749,0.047749,1.9431,-1.6046,1.3675
-1.784,-0.2547,2.5836,0.16607,0.16607,2.0269,-0.33912,0.19942
-1.7364,-0.21766,2.4986,0.19029,0.19029,2.0524,-1.1319,-3.3959
-1.756,-0.17447,2.5731,0.17932,0.17932,2.0174,-2.0597,-2.1314
-1.7604,-0.097525,2.7127,0.25404,0.25404,2.2144,-4.3492,-2.2889
-1.7427,-0.054707,2.7501,0.19741,0.19741,2.2325,-1.139,1.6217
-1.6998,-0.10876,2.7345,0.093666,0.093666,2.0806,-2.414,1.0666
-1.6414,-0.12408,2.6299,0.17627,0.17627,2.0415,-3.9884,-1.8312
-1.6782,-0.073963,2.7906,0.2067,0.2067,2.1646,-2.7003,1.9807
-1.6674,-0.026143,2.8596,0.11845,0.11845,2.0548,-4.0348,0.0020647
-1.6132,-0.068923,2.6922,-0.088583,-0.088583,1.9184,-3.4984,2.8994
-1.6023,-0.15402,2.6501,0.0057022,0.0057022,1.8341,-3.9194,-0.36992
-1.6621,-0.13445,2.7558,0.13191,0.13191,1.8567,-3.1195,1.0748
-1.7327,-0.11647,3.0002,0.22552,0.22552,2.1316,-2.9156,-2.0552
-1.6788,0.066214,2.7415,0.034916,0.034916,1.9423,-4.3036,1.0342
-1.6836,0.070055,2.872,-0.05027,-0.05027,1.7589,-4.5603,-0.8321
-1.5873,0.058621,2.922,-0.023477,-0.023477,1.8402,-1.1323,-1.364
-1.5309,0.066014,2.8428,0.014101,0.014101,1.7985,-4.9624,-0.43416
-1.4676,0.053526,2.7169,0.036133,0.036133,1.7119,1.6424,1.2814
-1.4471,0.033946,2.6943,-0.026879,-0.026879,1.6451,-5.3913,-0.31531
-1.4249,-0.035421,2.8643,-0.046128,-0.046128,1.6227,-4.2513,0.44382
-1.5168,-0.040592,2.8056,-0.096994,-0.096994,1.7135,-3.8962,1.2802
-1.5338,-0.052079,2.9999,-0.020425,-0.020425,1.8335,-0.65124,-2.1939
-1.5807,0.0090431,2.9565,-0.06815,-0.06815,1.7329,-1.1993,-1.3899
-1.5759,0.040756,2.9091,-0.12339,-0.12339,1.7722,-3.1112,-0.7482
-1.5838,0.0021147,3.1155,-0.15533,-0.15533,1.829,-4.6778,0.33442
-1.5751,-0.044041,3.246,-0.095,-0.095,1.9078,-4.5819,0.44617
-1.5506,-0.063289,2.9664,-0.10578,-0.10578,1.7872,-3.0129,-0.99599
-1.5118,-0.049225,2.8589,-0.084742,-0.084742,1.5783,1.6755,1.2282
-1.4806,-0.0441,2.7695,-0.064723,-0.064723,1.6514,-0.86949,-0.97866
-1.4101,-0.023505,2.6627,0.0033885,0.0033885,1.6322,-1.2787,-1.3758
-1.3678,-0.0022012,2.6401,-0.0007431,-0.0007431,1.6298,-0.084783,-1.5721
-1.3528,-0.068006,2.93,-0.03132,-0.03132,1.7598,1.9468,0.8742
-1.392,-0.10869,2.9508,0.037083,0.037083,1.8863,-1.0703,-1.6509
-1.3949,-0.024487,2.8663,0.015301,0.015301,1.6831,-0.53973,-0.85406
-1.4103,-0.025211,2.7855,-0.055865,-0.055865,1.7357,-4.7515,0.4509
-1.4295,-0.0078353,2.8294,-0.026475,-0.026475,1.8046,-0.15204,-0.066037
-1.4698,-0.099884,2.7663,-0.037013,-0.037013,1.682,-1.4914,-1.38
-1.5406,-0.042905,2.7432,-0.049409,-0.049409,1.6654,-2.2372,-0.90962
-1.4383,-0.04223,2.8713,0.058361,0.058361,1.6113,-1.1077,-1.3873
-1.46,-0.06166,2.6373,-0.037009,-0.037009,1.606,-2.0334,0.94198
-1.4512,-0.073377,2.828,-0.039125,-0.039125,1.6218,1.8625,0.43463
-1.4598,-0.075947,2.7861,-0.0057026,-0.0057026,1.5455,-0.020071,-1.0353
-1.4833,-0.047278,2.8508,0.028789,0.028789,1.5377,0.033906,-0.0070685
-1.5539,-0.083229,2.9214,-0.042053,-0.042053,1.6398,-4.031,-0.14958
-1.6054,-0.095893,3.1001,-0.012324,-0.012324,1.6935,-4.0898,0.52444
-1.6347,-0.088212,3.3641,0.0097518,0.0097518,1.7267,-4.4033,4.412
-1.6276,-0.026162,3.0963,-0.0086831,-0.0086831,1.6923,-4.5773,-0.30477
-1.5242,-0.016533,3.2197,-0.017573,-0.017573,1.7536,-4.0655,2.2844
-1.4809,0.045433,3.0576,-0.079384,-0.079384,1.7588,-4.096,1.2406
-1.4404,0.013876,3.0262,-0.081296,-0.081296,1.6708,-4.8959,3.136
-1.3997,-0.072065,3.1196,0.0016013,0.0016013,1.6758,1.9517,0.90566
-1.3472,-0.046255,3.2541,0.0036752,0.0036752,1.6764,2.1151,0.65565
-1.3895,-0.012808,3.0465,0.10081,0.10081,1.7215,-2.5712,-0.76834
-1.4464,-0.010311,2.9104,0.033417,0.033417,1.8072,-1.6657,-1.3446
-1.4698,-0.024626,2.7787,-0.03557,-0.03557,1.8692,-3.2214,-0.72042
-1.4924,-0.0015459,2.7052,-0.060691,-0.060691,1.9286,-4.208,1.0598
-1.5494,-0.00021885,2.677,-0.08047,-0.08047,1.8616,-3.3737,-0.55717
-1.5444,-0.0097405,2.8549,-0.13769,-0.13769,1.8759,-4.6989,0.34853
-1.4848,0.027226,2.8156,-0.13687,-0.13687,1.7383,-0.65142,-0.8368
-1.4565,0.022268,2.7596,-0.13881,-0.13881,1.7966,-1.2888,-1.3927
-1.3704,0.0012492,2.6778,-0.05365,-0.05365,1.7728,-0.054169,-1.3721
-1.4154,-0.0026172,2.6237,-0.074929,-0.074929,1.6865,-1.0276,-1.3822
-1.3564,-0.038067,2.656,-0.12205,-0.12205,1.7469,0.58162,-0.92297
-1.3541,-0.045476,2.5931,-0.1169,-0.1169,1.6883,-0.96555,-1.3759
-1.3695,-0.039825,2.5864,-0.13838,-0.13838,1.6992,-1.6332,-1.3015
-1.3199,-0.043242,2.588,-0.055637,-0.055637,1.657,-4.1113,1.2394
-1.3333,-0.062238,2.4547,-0.1001,-0.1001,1.7012,-1.2394,-1.0651
-1.3082,-0.047613,2.5568,-0.03178,-0.03178,1.7343,-1.2803,-1.3882
-1.3047,-0.068244,2.5686,0.012265,0.012265,1.6438,-2.8547,-0.14524
-1.2856,-0.053243,2.5824,0.034684,0.034684,1.5758,-4.1343,1.1936
-1.3196,-0.059011,2.5614,-0.027244,-0.027244,1.674,-4.7728,-0.49139
-1.3493,-0.067641,2.6315,-0.041497,-0.041497,1.6263,-1.2244,-1.3886
-1.4033,-0.048697,2.6965,-0.010262,-0.010262,1.6307,-0.87915,-0.45905
-1.3855,-0.028397,2.7219,-0.03673,-0.03673,1.6894,-1.2491,-1.3942
-1.3741,0.0047583,2.8552,0.011178,0.011178,1.7543,1.0257,-1.0894
-1.4458,0.04212,2.9516,-0.051416,-0.051416,1.6988,-4.7621,0.41058
-1.5183,-0.025157,2.9187,-0.060664,-0.060664,1.7195,-1.2807,-0.86809
-1.5206,0.011455,2.9407,-0.11511,-0.11511,1.7572,-1.0566,-1.3939
-1.5177,0.048042,3.0204,-0.08167,-0.08167,1.7234,1.5073,2.6615
-1.506,0.058044,2.9772,-0.058753,-0.058753,1.6475,-1.3795,-1.3742
-1.4411,0.041173,2.8729,0.039404,0.039404,1.7339,1.1771,3.6424
-1.463,0.070244,2.8433,0.036302,0.036302,1.7731,-4.7469,0.27856
-1.4951,-0.0046658,2.8059,0.00084907,0.00084907,1.8065,-4.9291,2.2596
-1.5068,0.0077547,2.883,0.039497,0.039497,1.8401,-1.135,-1.3871
-1.5298,-0.013453,2.8566,-0.11285,-0.11285,1.9138,-2.8369,3.2316
-1.6017,-0.024884,2.8652,-0.088024,-0.088024,1.9355,-4.2173,0.96746
-1.5977,0.02782,2.9534,-0.12424,-0.12424,1.907,-2.105,1.9916
-1.5822,-0.0028357,2.9716,-0.039835,-0.039835,1.7812,-4.728,0.40735
-1.553,-0.057078,2.8022,-0.0653,-0.0653,1.7675,1.1162,3.8458
-1.5586,-0.13866,2.7891,-0.087696,-0.087696,1.9036,-4.2566,0.96452
-1.5882,-0.19203,3.1453,-0.0032295,-0.0032295,1.9194,-4.693,-0.16554
-1.5325,-0.32041,2.9073,-0.0095891,-0.0095891,1.9078,-3.1514,-3.5756
-1.547,-0.27933,2.9269,0.0023281,0.0023281,2.1246,-2.9084,-2.0907
-1.5935,-0.21275,3.2493,0.0050096,0.0050096,2.1007,-4.7607,-0.13532
-1.6515,-0.16013,3.6001,0.10431,0.10431,2.2451,1.0829,0.92026
-1.6697,-0.1786,3.1959,0.040889,0.040889,2.1718,-4.2218,1.1341
-1.7116,-0.16528,3.5054,0.11643,0.11643,2.1736,2.5383,-0.049126
-1.6075,-0.17801,3.4975,0.09127,0.09127,2.115,-3.5679,-1.8359
-1.559,-0.18533,3.2474,0.13992,0.13992,2.046,-4.7012,0.51139
-1.6356,-0.18798,3.3325,0.052913,0.052913,2.172,-4.8498,0.10194
-1.6575,-0.20858,3.1086,0.061746,0.061746,2.2521,-3.7964,-3.68
-1.7472,-0.14618,3.3063,-0.0087459,-0.0087459,2.2475,-4.6686,-0.40132
-1.6968,-0.10544,3.3149,-0.040283,-0.040283,2.3119,-4.0579,0.70356
-1.7289,-0.11161,3.5577,0.053612,0.053612,2.2007,-1.9391,0.74661
-1.742,-0.068056,3.65,-0.019506,-0.019506,2.2016,-4.6203,-0.33984
-1.7601,-0.13584,3.3254,0.020674,0.020674,2.1555,-1.5029,-1.4749
-1.8179,-0.050595,3.4611,0.069679,0.069679,2.2311,-4.6051,-0.36064
-1.819,-0.047678,3.6772,0.23158,0.23158,2.1684,-4.7042,-1.8734
-1.7209,-0.073223,3.5325,0.24697,0.24697,2.0049,-2.1191,-0.54294
-1.6519,-0.047173,3.298,0.22126,0.22126,2.0033,-4.3331,-0.97753
-1.619,0.020001,3.2008,0.28938,0.28938,2.0433,-2.3924,-2.0689
-1.5654,0.054391,3.3052,0.227,0.227,2.1119,-4.838,-1.3554
-1.5711,0.074602,3.5057,0.37912,0.37912,2.0633,-0.42301,-1.1484
-1.6067,0.036683,3.4224,0.12706,0.12706,2.0209,-4.9299,0.94755
-1.5789,-0.08109,3.0314,-0.031815,-0.031815,2.229,-0.23608,-0.88858
-1.6295,-0.13497,3.1835,-0.14391,-0.14391,2.4209,-4.9421,0.95829
-1.6959,-0.20889,3.14,-0.16797,-0.16797,2.5037,-2.622,-1.3952
-1.6069,-0.18861,2.7894,-0.09206,-0.09206,2.1271,-4.3017,1.1194
-1.6176,-0.20647,2.8114,-0.17441,-0.17441,2.0102,-3.1322,-0.4762
-1.6605,-0.21454,3.1018,-0.19852,-0.19852,2.0986,-4.7968,0.85755
-1.5915,-0.24061,2.7383,-0.29103,-0.29103,2.0195,-3.0208,-0.30349
-1.6064,-0.30858,2.7657,-0.27713,-0.27713,2.0848,-4.1125,2.6163
-1.5857,-0.30249,2.5783,-0.30808,-0.30808,2.0571,-3.9676,0.52082
-1.6318,-0.33624,2.4807,-0.29651,-0.29651,1.9591,-4.1892,2.3029
-1.6854,-0.48346,2.5192,-0.35501,-0.35501,2.0701,-3.9779,3.2894
-1.684,-0.45622,2.449,-0.37295,-0.37295,2.0372,-4.272,2.3819
-1.7023,-0.4113,2.3277,-0.3448,-0.3448,1.9136,-3.9969,3.7506
-1.6927,-0.39626,2.1933,-0.39359,-0.39359,1.8451,-2.7703,-1.2962
-1.6896,-0.35488,2.0132,-0.33179,-0.33179,1.8108,-1.7999,4.4572
-1.7645,-0.39885,2.1901,-0.36206,-0.36206,1.8662,-2.7603,-1.3174
-1.7579,-0.32862,1.9844,-0.32729,-0.32729,1.7331,0.92037,1.3528
-1.7468,-0.37198,2.283,-0.38612,-0.38612,1.7912,-4.3264,1.505
-1.801,-0.40308,2.4918,-0.3896,-0.3896,1.8112,2.3079,1.8113
-1.7387,-0.36005,2.2446,-0.18824,-0.18824,1.6891,-4.2078,2.584
-1.7191,-0.26326,2.307,-0.19566,-0.19566,1.74,-2.8463,-0.69911
-1.7087,-0.25339,2.2819,-0.24927,-0.24927,1.6944,-4.1135,2.5074
-1.6859,-0.23558,2.279,-0.22394,-0.22394,1.7832,-1.988,-1.69
-1.6103,-0.23065,2.37,-0.25579,-0.25579,1.6941,-4.0974,2.4688
-1.5543,-0.22246,2.3362,-0.21953,-0.21953,1.6575,-0.90816,1.4831
-1.5962,-0.17697,2.4317,-0.22288,-0.22288,1.7105,-4.2686,1.6767
-1.6024,-0.17912,2.3951,-0.22809,-0.22809,1.8185,-1.4519,0.16957
-1.5889,-0.22253,2.4013,-0.22981,-0.22981,1.7803,-4.0012,2.5732
-1.5563,-0.22467,2.3445,-0.16243,-0.16243,1.6795,1.2756,0.56769
-1.5694,-0.23928,2.2941,-0.22323,-0.22323,1.6048,-4.1608,2.3046
-1.5804,-0.30415,2.1665,-0.27313,-0.27313,1.6756,-0.54819,1.9243
-1.5298,-0.29222,2.2962,-0.23454,-0.23454,1.6478,-4.0834,2.5961
-1.5917,-0.31343,2.2659,-0.23342,-0.23342,1.6128,0.22082,-1.0109
-1.6056,-0.29505,2.2673,-0.21717,-0.21717,1.6436,-4.0617,2.4542
-1.6185,-0.28785,2.2807,-0.2587,-0.2587,1.6288,0.18324,-1.0911
-1.6386,-0.29476,2.2671,-0.25697,-0.25697,1.5456,-4.2341,2.4272
-1.6478,-0.26267,2.3544,-0.27508,-0.27508,1.6413,-0.3024,-0.65804
-1.6277,-0.25822,2.1998,-0.28328,-0.28328,1.5941,-4.1121,2.54
-1.6414,-0.30092,2.2755,-0.26419,-0.26419,1.775,-0.98257,1.1167
-1.6304,-0.29486,2.1494,-0.25447,-0.25447,1.7024,-4.0723,2.3089
-1.6149,-0.30504,2.0963,-0.28607,-0.28607,1.6295,-1.4591,2.791
-1.5902,-0.24421,2.2312,-0.23798,-0.23798,1.6268,-4.1444,2.1881
-1.6359,-0.21184,2.2733,-0.24314,-0.24314,1.7301,-3.6336,0.30986
-1.6048,-0.19734,2.3342,-0.19471,-0.19471,1.737,-4.1178,2.4173
-1.6001,-0.2201,2.2354,-0.19023,-0.19023,1.7776,-4.5434,2.5536
-1.5935,-0.20788,2.3388,-0.18242,-0.18242,1.7549,-4.1289,2.4813
-1.628,-0.20565,2.3512,-0.22181,-0.22181,1.754,0.57212,0.68305
-1.6576,-0.14836,2.4766,-0.21809,-0.21809,1.8706,-4.1562,1.7852
-1.6366,-0.19938,2.3244,-0.2169,-0.2169,1.7886,2.724,0.5664
-1.6336,-0.22914,2.1493,-0.27205,-0.27205,1.7801,-3.6706,2.7255
-1.6084,-0.24195,2.2032,-0.34095,-0.34095,1.8447,3.8849,-0.94415
-1.6037,-0.21507,2.1971,-0.27933,-0.27933,1.7108,-4.2337,2.3059
-1.6042,-0.19544,2.2162,-0.2609,-0.2609,1.709,-1.9584,-1.7082
-1.5934,-0.17694,2.281,-0.29989,-0.29989,1.7056,-4.1287,2.4256
-1.5988,-0.27167,2.219,-0.2999,-0.2999,1.615,-0.75818,-0.3146
-1.61,-0.26014,2.1963,-0.26828,-0.26828,1.6116,-4.0979,2.4382
-1.6325,-0.28434,2.2303,-0.27943,-0.27943,1.5201,-1.1424,2.2455
-1.6731,-0.26504,2.2065,-0.28811,-0.28811,1.5269,-4.2045,2.4164
-1.6785,-0.34566,2.2129,-0.2875,-0.2875,1.6335,-2.7461,-1.3943
-1.6941,-0.45704,2.4218,-0.29682,-0.29682,1.8124,-4.2087,2.3908
-1.6816,-0.31202,2.232,-0.233,-0.233,1.6456,-2.1197,-2.619
-1.6114,-0.19894,2.0458,-0.2314,-0.2314,1.5581,-4.1287,2.5181
-1.555,-0.16566,1.8937,-0.26141,-0.26141,1.4922,-1.5616,-1.1352
-1.5806,-0.18936,2.0538,-0.26898,-0.26898,1.6065,-4.1152,2.3628
-1.6262,-0.18499,2.0949,-0.30316,-0.30316,1.8146,-4.3163,0.033023
-1.5811,-0.22112,1.9838,-0.35278,-0.35278,1.795,-3.4111,3.4118
-1.6451,-0.28052,1.87,-0.32598,-0.32598,1.7673,-3.7498,2.7703
-1.6645,-0.28058,1.8887,-0.38157,-0.38157,1.7509,-3.4457,2.9935
-1.6889,-0.27762,1.96,-0.3676,-0.3676,1.7133,-3.3501,3.4638
-1.6102,-0.27806,1.8843,-0.33377,-0.33377,1.6293,-2.2285,-1.2072
-1.6561,-0.30176,1.8379,-0.31692,-0.31692,1.5133,-3.9186,0.75776
-1.6996,-0.32361,1.8923,-0.29267,-0.29267,1.5287,-3.5264,2.9149
-1.7037,-0.22321,2.2926,-0.23152,-0.23152,1.5145,-3.6173,0.11316
-1.6586,-0.22405,2.4032,-0.1639,-0.1639,1.5437,-4.2223,0.94116
-1.6253,-0.18535,2.4701,-0.21202,-0.21202,1.6116,-2.5599,1.3045
-1.6515,-0.15417,2.6531,-0.16272,-0.16272,1.6849,-4.2669,0.97876
-1.6669,-0.11861,2.6963,-0.22184,-0.22184,1.7871,-0.96406,2.7842
-1.7082,-0.037823,2.8281,-0.21184,-0.21184,1.8131,-4.1405,0.60539
-1.805,0.040314,2.9205,-0.19984,-0.19984,1.826,-2.0933,-0.92938
-1.7852,0.056116,2.9275,-0.22789,-0.22789,1.9363,-1.3973,-1.3792
-1.6998,0.032111,2.7783,-0.18089,-0.18089,1.8455,0.066044,-0.84292
-1.6145,-0.044737,2.7126,-0.094979,-0.094979,1.7265,1.6229,0.7056
-1.5593,-0.012668,2.7803,-0.088095,-0.088095,1.7392,-2.4938,-0.82185
-1.5391,0.0059414,2.7994,-0.11611,-0.11611,1.7164,-4.1567,0.64634
-1.6767,-0.018394,3.113,-0.11666,-0.11666,1.9558,-4.1866,0.47488
-1.625,-0.0028803,2.8454,-0.020556,-0.020556,1.7236,-2.1131,1.1811
